id;x;y;z
204;404223.33;5122844.89;1728.66
6235;404238.95;5122847.46;1729.8
3112;404241.55;5122852.0;1730.59
5363;404246.99;5122846.92;1731.44
4441;404252.16;5122842.43;1732.47
5327;404255.25;5122846.13;1733.73
2490;404255.24;5122846.14;1732.19
6732;404259.08;5122846.75;1733.35
5117;404262.34;5122844.79;1733.59
5828;404264.88;5122846.94;1733.45
7228;404266.95;5122846.46;1731.64
1936;404267.61;5122843.36;1729.93
5920;404267.59;5122843.37;1719.89
4150;404274.12;5122834.99;1724.29
4010;404277.91;5122831.8;1724.0
1633;404277.89;5122831.82;1709.85
4611;404284.14;5122827.11;1715.07
7247;404289.31;5122824.7;1709.05
7225;404296.46;5122823.19;1713.73
4388;404297.88;5122820.41;1714.32
6679;404297.87;5122820.42;1704.98
2492;404301.79;5122819.44;1716.12
3115;404308.33;5122817.82;1724.11
5990;404311.75;5122813.58;1723.4
5273;404318.59;5122808.05;1721.1
394;404311.75;5122813.58;1713.4
2126;404325.84;5122806.12;1720.9
996;404325.17;5122800.79;1721.68
600;404335.22;5122801.61;1745.31
6256;404335.36;5122791.34;1711.16
4925;404336.18;5122793.71;1711.48
6918;404336.96;5122795.74;1712.08
6196;404334.57;5122796.8;1712.26
6864;404337.75;5122802.61;1713.57
6581;404340.85;5122808.31;1714.98
7295;404341.3;5122808.42;1716.67
3337;404340.73;5122810.55;1717.1
568;404343.39;5122814.68;1717.36
2473;404343.47;5122814.65;1718.04
7269;404345.62;5122821.64;1719.8
5034;404345.54;5122826.5;1720.65
3612;404342.86;5122827.35;1722.06
6090;404344.8;5122826.64;1722.69
5726;404346.35;5122828.43;1723.29
12;404348.9;5122832.86;1725.12
316;404353.46;5122831.91;1725.65
443;404356.24;5122831.34;1725.96
6697;404360.82;5122830.39;1726.51
205;404363.23;5122828.61;1727.08
471;404365.05;5122832.66;1728.93
3247;404366.88;5122836.69;1730.75
4281;404368.13;5122838.13;1732.86
5751;404369.95;5122843.13;1738.75
2675;404374.45;5122839.82;1742.44
1274;404340.49;5122775.88;1705.95
3261;404339.14;5122775.42;1706.68
2732;404339.4;5122772.55;1698.75
2547;404339.43;5122783.89;1708.59
3851;404336.72;5122776.37;1708.21
3687;404333.57;5122768.09;1706.57
5408;404331.82;5122766.94;1705.96
5662;404329.85;5122758.88;1704.13
2875;404325.41;5122733.07;1696.89
5816;404326.92;5122732.03;1696.42
1125;404325.57;5122729.1;1695.09
3304;404324.05;5122723.65;1693.31
4732;404326.63;5122720.38;1690.54
6915;404324.38;5122715.25;1689.82
2047;404325.94;5122714.41;1693.55
127;404327.07;5122712.54;1693.31
5442;404321.0;5122710.68;1691.7
1394;404319.96;5122706.66;1690.41
5419;404316.12;5122703.42;1688.55
2673;404316.25;5122700.54;1688.13
4888;404313.4;5122700.82;1687.77
1838;404306.84;5122708.64;1689.38
2761;404313.27;5122695.29;1686.45
4653;404302.95;5122711.17;1690.2
5054;404302.74;5122711.51;1690.1
4140;404302.95;5122711.17;1673.45
4115;404299.59;5122715.13;1674.5
321;404296.85;5122717.53;1674.75
4221;404296.18;5122717.79;1675.53
676;404293.14;5122721.25;1675.33
54;404297.52;5122721.94;1675.51
3132;404297.51;5122722.44;1674.11
4648;404299.81;5122724.46;1648.45
2663;404299.88;5122718.82;1648.79
527;404321.86;5122675.99;1683.1
2241;404323.44;5122677.94;1683.59
6601;404318.46;5122669.27;1681.45
1908;404327.1;5122673.72;1683.98
3917;404317.24;5122666.84;1680.95
823;404315.1;5122660.15;1676.61
3803;404313.17;5122654.22;1676.07
5299;404315.1;5122660.15;1715.11
360;404309.27;5122655.76;1675.46
178;404290.53;5122644.33;1665.9
32;404289.83;5122644.79;1659.46
5556;404289.38;5122644.48;1629.87
687;404265.78;5122631.5;1611.68
429;404264.71;5122627.81;1611.63
3142;404304.72;5122649.51;1629.64
7427;404307.63;5122648.3;1627.42
6454;404301.16;5122652.58;1630.44
2666;404312.4;5122647.02;1628.1
3835;404305.82;5122645.58;1622.62
2212;404302.32;5122644.19;1622.16
2727;404301.8;5122641.91;1622.61
154;404300.62;5122637.77;1619.84
158;404299.88;5122637.04;1617.88
5826;404300.22;5122636.41;1617.29
7271;404300.51;5122633.57;1617.48
5210;404300.84;5122632.9;1616.2
5938;404300.17;5122633.94;1614.22
4594;404299.29;5122633.21;1613.17
113;404298.48;5122631.36;1607.02
79;404302.87;5122630.99;1607.48
2191;404301.22;5122629.85;1604.26
7462;404304.32;5122630.47;1601.15
741;404307.57;5122628.47;1600.61
3465;404308.62;5122625.84;1598.16
235;404308.58;5122625.57;1575.77
5515;404308.58;5122617.1;1583.96
3940;404316.96;5122629.84;1579.19
758;404302.42;5122624.18;1569.72
4163;404323.61;5122634.0;1580.15
1190;404326.6;5122634.42;1581.69
1595;404328.01;5122635.83;1581.04
5204;404328.22;5122637.03;1581.49
1598;404331.35;5122638.11;1582.63
1264;404329.9;5122640.73;1582.63
4244;404327.62;5122642.57;1583.3
3412;404328.31;5122643.99;1583.58
5023;404329.28;5122649.46;1584.86
1454;404328.1;5122650.87;1586.7
1099;404327.15;5122651.29;1587.3
993;404324.64;5122654.63;1588.66
4957;404324.64;5122660.48;1591.91
6595;404327.06;5122662.52;1592.82
2519;404328.0;5122662.96;1593.2
1330;404332.21;5122661.91;1592.51
3734;404335.72;5122666.4;1592.51
2803;404335.72;5122666.4;1597.51
6010;404336.8;5122667.69;1603.79
5356;404337.83;5122666.73;1604.3
4123;404338.08;5122668.51;1604.3
4651;404339.88;5122670.98;1604.84
6636;404342.11;5122672.11;1604.84
4689;404343.89;5122676.32;1608.41
3840;404300.19;5122611.46;1567.71
2661;404300.18;5122603.4;1565.93
16;404298.91;5122602.31;1566.11
6032;404300.09;5122597.48;1565.94
3852;404301.59;5122595.53;1565.98
162;404303.49;5122598.02;1567.77
7373;404301.59;5122594.89;1548.08
2108;404302.1;5122584.18;1557.58
6158;404305.98;5122581.76;1555.55
5613;404299.86;5122581.21;1557.64
680;404309.79;5122579.39;1553.49
3559;404309.13;5122585.03;1556.76
1956;404312.58;5122584.6;1555.22
5403;404315.32;5122581.22;1555.83
2281;404317.59;5122577.44;1555.83
5008;404322.13;5122577.92;1555.43
1493;404324.62;5122572.83;1556.03
7027;404328.02;5122570.78;1555.54
5049;404328.25;5122571.85;1556.05
6136;404332.78;5122569.73;1556.05
542;404332.78;5122569.73;1546.55
2688;404335.76;5122566.65;1552.93
4168;404302.92;5122578.94;1557.69
6290;404303.03;5122577.38;1556.19
5709;404298.63;5122581.07;1557.75
5431;404306.27;5122573.84;1556.21
5794;404309.07;5122572.73;1555.05
4761;404312.0;5122563.72;1555.11
3334;404308.95;5122563.56;1554.86
1432;404309.59;5122557.72;1554.48
725;404307.62;5122556.67;1554.14
1457;404303.05;5122548.07;1551.79
3318;404302.11;5122541.26;1550.74
7314;404303.12;5122533.19;1546.08
5495;404296.99;5122529.99;1544.42
6211;404297.12;5122524.4;1543.36
3222;404296.44;5122521.62;1538.81
459;404288.43;5122514.61;1532.38
2538;404291.22;5122504.15;1529.84
3382;404293.58;5122505.06;1529.9
4903;404299.15;5122497.74;1528.98
47;404298.42;5122524.07;1543.97
319;404301.86;5122512.09;1546.62
2912;404302.63;5122510.52;1544.69
6384;404309.92;5122509.76;1542.86
6443;404303.3;5122508.0;1544.41
1081;404309.92;5122509.76;1547.86
4197;404304.0;5122505.39;1540.69
3217;404306.78;5122505.34;1535.67
1111;404306.78;5122505.34;1538.23
1742;404307.84;5122502.72;1537.99
2940;404307.52;5122498.15;1532.52
2440;404303.95;5122498.46;1530.85
4973;404307.37;5122495.32;1533.78
5332;404304.63;5122496.1;1530.5
1959;404303.39;5122495.38;1528.45
2464;404305.67;5122489.11;1527.28
6692;404300.27;5122489.39;1527.47
6134;404308.97;5122491.15;1532.83
4720;404307.85;5122489.49;1531.08
1564;404306.58;5122487.0;1530.64
2429;404302.64;5122490.8;1532.85
6292;404307.53;5122483.44;1529.0
7115;404302.27;5122489.65;1526.69
521;404297.78;5122484.25;1521.88
7126;404297.8;5122483.06;1522.03
6326;404294.63;5122475.53;1524.11
1803;404287.71;5122462.19;1521.63
1184;404294.68;5122455.54;1522.73
4399;404296.7;5122448.57;1522.51
3333;404289.64;5122445.34;1522.55
1911;404281.17;5122436.56;1520.1
4050;404278.49;5122432.97;1518.56
5722;404287.21;5122430.56;1526.21
3675;404281.85;5122434.02;1519.04
646;404273.83;5122442.58;1522.64
476;404190.96;5122360.52;1435.01
5946;404187.68;5122320.86;1436.1
518;404187.8;5122320.93;1423.07
6865;404188.82;5122324.91;1436.08
1570;404187.68;5122320.86;1423.6
441;404192.82;5122317.3;1425.16
7466;404194.8;5122324.28;1422.82
7073;404193.68;5122326.5;1414.19
5570;404200.66;5122328.81;1413.67
4412;404200.7;5122328.84;1408.62
6512;404194.95;5122325.77;1369.93
1745;404194.9;5122319.44;1375.96
7056;404187.16;5122313.02;1368.02
7446;404184.2;5122307.85;1349.63
3348;404197.63;5122311.48;1368.92
2811;404171.08;5122300.86;1330.89
7229;404174.35;5122300.33;1335.07
1204;404170.25;5122300.31;1309.44
2723;404170.45;5122300.39;1336.1
6615;404170.78;5122299.26;1334.09
1131;404170.19;5122294.3;1333.36
2200;404170.15;5122294.4;1330.16
4313;404165.64;5122293.21;1331.41
5917;404162.77;5122292.44;1328.94
7148;404162.06;5122290.5;1329.91
3015;404161.65;5122291.62;1328.83
6216;404162.76;5122288.26;1330.09
584;404157.49;5122284.67;1326.51
195;404164.26;5122287.0;1329.85
4935;404157.91;5122280.86;1324.96
4179;404167.95;5122289.49;1336.45
1459;404171.49;5122287.44;1341.88
6675;404155.31;5122279.67;1322.83
2149;404158.32;5122279.79;1318.36
6165;404159.03;5122278.27;1319.21
7093;404158.99;5122282.44;1318.82
2182;404161.49;5122271.82;1317.38
143;404161.46;5122271.91;1315.37
1589;404164.31;5122269.47;1315.38
6445;404167.65;5122271.11;1314.19
2155;404165.33;5122277.46;1316.0
3782;404170.18;5122265.44;1313.03
4845;404175.42;5122255.81;1310.93
7086;404175.38;5122255.92;1307.37
7454;404177.05;5122248.17;1309.56
6867;404175.94;5122259.28;1306.12
5326;404177.95;5122258.31;1305.37
4658;404178.42;5122258.63;1304.37
6936;404178.21;5122256.92;1297.78
1870;404177.19;5122256.05;1288.46
2933;404173.96;5122255.66;1284.54
5965;404170.12;5122252.24;1282.21
3169;404168.45;5122251.41;1279.53
3344;404167.37;5122250.97;1278.04
2833;404167.78;5122253.6;1280.72
2405;404166.26;5122246.8;1274.29
7361;404162.58;5122244.93;1271.9
1947;404163.56;5122242.61;1270.56
7102;404160.78;5122241.13;1269.84
586;404161.28;5122238.78;1266.26
1119;404162.43;5122235.26;1266.26
5341;404161.2;5122233.94;1266.71
5977;404160.77;5122232.46;1266.27
5416;404159.42;5122231.15;1261.62
999;404157.85;5122231.54;1261.19
4778;404156.22;5122229.45;1260.91
2554;404154.28;5122227.99;1258.12
3069;404151.98;5122228.11;1254.7
6693;404144.31;5122230.03;1248.06
1322;404144.31;5122230.03;1239.44
3281;404142.37;5122228.09;1248.06
7049;404141.12;5122230.76;1240.69
4929;404139.48;5122231.3;1238.96
2664;404135.16;5122231.37;1238.28
5365;404134.22;5122234.11;1237.87
326;404130.17;5122233.96;1237.23
3517;404124.56;5122236.01;1236.71
7163;404119.17;5122235.63;1235.16
728;404115.35;5122238.85;1234.46
5877;404114.64;5122241.03;1234.38
2331;404112.08;5122246.04;1233.49
981;404111.19;5122251.1;1232.3
1706;404104.16;5122257.43;1231.31
404;404101.17;5122259.37;1230.21
590;404098.79;5122261.67;1224.27
1982;404095.8;5122259.64;1213.77
1024;404095.44;5122261.05;1211.96
507;404095.02;5122259.15;1211.26
1437;404095.12;5122259.36;1198.02
949;404095.54;5122259.53;1194.68
899;404095.5;5122259.66;1192.03
2590;404096.49;5122259.71;1183.43
4704;404097.03;5122258.93;1170.17
4676;404096.96;5122259.07;1162.84
7045;404090.28;5122257.42;1153.67
355;404081.81;5122256.08;1152.91
6099;404092.38;5122263.17;1149.91
485;404080.31;5122261.95;1153.42
878;404088.94;5122247.69;1165.01
1116;404091.72;5122266.45;1148.27
4397;404089.19;5122268.66;1147.14
1401;404089.72;5122265.65;1145.92
163;404089.31;5122266.06;1145.32
1713;404088.7;5122267.55;1144.61
3596;404091.3;5122268.87;1144.28
2734;404091.85;5122270.24;1143.87
1724;404094.64;5122274.1;1140.5
1615;404097.04;5122277.81;1139.56
5163;404098.8;5122282.58;1138.59
536;404104.92;5122299.94;1141.44
2025;404107.1;5122299.99;1141.91
3145;404108.82;5122303.46;1147.11
4253;404109.33;5122305.57;1148.46
3913;404108.07;5122307.08;1148.1
5259;404108.41;5122308.97;1148.09
1491;404079.56;5122256.69;1152.22
4099;404081.95;5122254.57;1149.0
1050;404083.47;5122254.09;1148.41
3599;404083.22;5122252.62;1145.46
2838;404087.64;5122244.03;1137.28
1285;404089.24;5122234.69;1133.89
7012;404090.62;5122230.73;1133.58
4978;404091.26;5122215.42;1128.51
2048;404093.65;5122229.14;1130.66
6048;404093.68;5122228.3;1131.72
403;404090.14;5122207.91;1126.16
4979;404090.14;5122197.46;1121.81
2594;404089.72;5122191.45;1120.61
692;404088.68;5122187.5;1121.03
2805;404087.89;5122182.86;1120.79
5194;404084.79;5122179.95;1124.69
2568;404083.91;5122176.59;1125.24
1984;404083.49;5122173.68;1124.64
4035;404083.23;5122170.22;1124.63
5559;404082.33;5122164.93;1123.76
223;404081.42;5122158.82;1123.6
4771;404080.23;5122155.63;1123.46
315;404081.1;5122152.98;1122.88
1149;404077.69;5122144.7;1122.78
4628;404094.97;5122230.3;1129.3
3361;404093.4;5122231.52;1129.44
6366;404095.1;5122236.73;1130.81
7423;404093.17;5122242.73;1132.53
2715;404093.41;5122245.63;1133.72
4161;404093.66;5122248.14;1135.28
449;404092.99;5122256.05;1138.03
2654;404093.88;5122255.0;1137.45
444;404094.19;5122255.76;1136.67
853;404094.6;5122256.21;1138.61
2802;404095.35;5122253.49;1139.86
1440;404095.87;5122248.92;1138.79
4328;404096.73;5122226.87;1124.82
7451;404098.15;5122224.01;1120.6
4798;404099.37;5122223.12;1116.35
6413;404104.31;5122220.4;1106.43
3647;404104.33;5122220.62;1101.99
6453;404108.03;5122220.72;1095.41
3480;404107.97;5122222.14;1095.21
5168;404108.26;5122223.77;1092.12
1097;404109.16;5122229.96;1091.06
3931;404109.69;5122234.74;1088.55
2678;404112.16;5122240.79;1082.85
5646;404112.3;5122243.77;1081.6
5415;404114.62;5122246.51;1077.88
2899;404113.02;5122253.33;1078.92
6963;404114.6;5122260.71;1076.67
7291;404114.77;5122265.17;1073.6
3133;404115.67;5122266.28;1073.13
3429;404116.93;5122263.65;1071.47
2113;404117.36;5122262.33;1068.89
2302;404119.36;5122267.51;1068.89
43;404120.77;5122274.1;1064.69
3894;404120.07;5122275.55;1061.31
2575;404119.0;5122281.4;1062.06
5443;404118.2;5122286.55;1053.42
3161;404117.35;5122286.79;1053.92
3109;404118.1;5122286.69;1047.31
6988;404120.04;5122289.29;1041.36
4665;404121.14;5122290.65;1031.65
2821;404121.37;5122289.05;1015.79
4508;404117.49;5122293.38;1002.04
18;404117.18;5122295.35;994.21
2709;404115.24;5122300.09;982.51
4713;404114.65;5122300.66;958.86
2611;404110.15;5122289.97;957.06
6518;404117.53;5122276.02;957.17
1392;404122.66;5122274.72;955.36
3874;404124.89;5122273.36;949.34
3010;404125.55;5122277.54;948.89
4971;404141.2;5122286.57;954.76
2639;404131.71;5122279.39;949.74
5936;404141.2;5122286.57;951.36
6434;404137.86;5122285.8;949.97
5335;404132.12;5122294.0;935.13
4914;404130.99;5122294.3;930.07
2226;404133.76;5122298.73;931.77
1234;404128.22;5122302.46;916.03
1243;404125.77;5122297.43;919.13
2082;404126.69;5122298.62;916.42
2045;404125.02;5122304.47;915.99
1963;404129.38;5122307.64;916.09
843;404129.61;5122310.91;915.74
3709;404131.83;5122312.78;915.84
4034;404133.31;5122312.91;916.08
639;404132.79;5122315.83;915.66
6299;404136.11;5122323.64;916.1
3431;404144.33;5122334.95;915.37
647;404150.94;5122345.14;910.21
6970;404131.69;5122294.65;954.9
39;404138.7;5122296.44;957.9
761;404141.91;5122302.89;957.55
7488;404145.73;5122302.29;959.45
2222;404144.35;5122291.52;965.93
2400;404159.45;5122273.64;972.38
7199;404176.48;5122279.01;978.28
2507;404178.62;5122277.17;978.72
6778;404171.0;5122268.14;974.28
5593;404174.07;5122263.94;975.86
6953;404183.35;5122253.58;980.41
3360;404179.75;5122243.21;978.2
3354;404181.98;5122229.31;976.86
5271;404179.78;5122225.34;976.0
6870;404181.4;5122222.43;976.84
271;404189.84;5122215.57;980.72
6989;404189.81;5122210.42;981.5
5084;404190.0;5122189.05;986.2
4484;404188.53;5122179.79;987.12
40;404187.29;5122176.72;986.71
2181;404187.56;5122162.73;989.28
5016;404178.05;5122149.19;991.2
1892;404163.88;5122133.56;991.46
3755;404156.22;5122125.75;991.82
2265;404152.51;5122115.84;992.88
5521;404147.86;5122105.66;992.07
895;404138.86;5122100.27;991.87
6533;404128.45;5122083.75;992.79
5545;404129.28;5122067.82;998.32
5684;404126.05;5122053.94;1001.5
5759;404123.2;5122049.32;1001.88
6783;404126.7;5122034.51;1005.48
363;404128.69;5122018.82;1008.76
2287;404128.72;5122018.56;1008.83
5087;404132.14;5122000.78;1015.85
5581;404115.5;5122263.49;1076.56
6241;404114.24;5122264.88;1077.83
5583;404112.64;5122265.45;1080.23
1152;404112.16;5122269.9;1083.13
5508;404111.0;5122276.77;1086.75
5475;404111.8;5122281.57;1087.17
3641;404113.55;5122281.6;1091.35
6576;404114.8;5122280.64;1092.57
7000;404090.7;5122265.47;1148.33
2958;404090.61;5122263.05;1148.3
3850;404077.1;5122265.88;1155.6
6493;404074.95;5122272.47;1157.59
2388;404086.91;5122243.03;1168.76
2401;404087.47;5122236.95;1162.95
2036;404088.59;5122230.55;1163.23
2439;404085.58;5122235.02;1165.02
5320;404086.79;5122225.25;1163.51
170;404086.64;5122219.51;1167.65
6337;404084.3;5122218.11;1167.85
2585;404084.52;5122218.22;1173.26
13;404083.4;5122215.35;1173.55
5501;404080.63;5122212.79;1175.57
2634;404081.61;5122209.51;1176.25
3061;404081.31;5122205.59;1175.93
7345;404081.88;5122204.6;1159.58
4320;404081.93;5122196.99;1159.82
6569;404080.18;5122193.51;1160.88
7212;404079.74;5122191.12;1161.84
3326;404079.12;5122188.15;1161.62
1209;404077.02;5122182.87;1164.84
2553;404076.57;5122179.89;1164.99
2422;404075.2;5122176.07;1165.54
5042;404075.22;5122172.47;1163.85
3313;404073.77;5122169.54;1163.68
1354;404072.88;5122164.05;1162.76
3633;404071.33;5122159.35;1156.73
3697;404071.75;5122158.23;1155.74
660;404071.1;5122152.38;1152.06
2269;404071.46;5122148.04;1150.96
7315;404070.82;5122145.3;1149.66
4836;404071.94;5122141.37;1148.52
7183;404071.42;5122138.82;1147.24
7280;404070.78;5122132.88;1147.14
2741;404068.91;5122129.08;1146.52
5706;404067.83;5122125.55;1147.04
4420;404066.76;5122119.53;1148.43
2247;404065.09;5122115.3;1148.74
751;404064.33;5122108.94;1150.1
3921;404061.12;5122105.05;1153.89
6671;404059.63;5122098.69;1154.44
1657;404060.01;5122094.92;1154.18
2213;404058.58;5122094.11;1154.78
4378;404058.08;5122085.4;1153.85
388;404058.69;5122083.37;1153.12
6160;404057.41;5122076.19;1151.68
4096;404058.82;5122065.12;1150.68
3637;404057.68;5122049.9;1150.84
540;404053.73;5122034.39;1152.46
3105;404052.96;5122022.5;1150.47
2263;404051.18;5122011.04;1149.9
5648;404049.72;5122003.51;1150.73
688;404046.84;5121996.01;1153.85
5387;404083.75;5122237.58;1167.5
5728;404082.44;5122236.56;1167.41
7109;404078.87;5122238.21;1170.07
5343;404077.24;5122237.79;1170.38
5985;404073.44;5122236.0;1170.38
2433;404075.07;5122233.28;1170.89
2397;404074.64;5122230.8;1170.84
5695;404069.64;5122233.52;1170.66
5196;404069.49;5122231.79;1168.62
6770;404068.33;5122231.89;1169.44
2257;404069.84;5122231.52;1168.89
2067;404068.66;5122229.78;1168.67
3677;404067.27;5122231.22;1171.33
4105;404070.31;5122238.52;1169.58
6742;404068.79;5122244.02;1168.85
6977;404064.62;5122244.81;1163.74
6728;404068.54;5122246.19;1166.23
4394;404068.74;5122250.44;1165.8
2916;404069.1;5122258.37;1166.84
799;404069.66;5122261.26;1167.08
210;404070.14;5122270.05;1167.08
4896;404066.29;5122226.38;1168.54
3033;404064.5;5122223.42;1167.43
5373;404064.37;5122219.89;1168.91
3134;404060.38;5122217.75;1168.62
5440;404065.47;5122231.97;1171.95
217;404063.15;5122229.25;1171.74
5472;404061.3;5122226.75;1173.57
7111;404062.68;5122224.17;1175.21
1489;404056.65;5122210.8;1179.41
5909;404051.11;5122211.76;1177.35
5500;404052.91;5122216.79;1180.18
7037;404050.84;5122220.01;1180.43
2231;404051.52;5122226.96;1173.62
3470;404052.39;5122234.64;1171.74
5573;404052.0;5122220.51;1172.17
3591;404054.09;5122221.98;1168.56
5190;404055.26;5122223.3;1168.92
5986;404058.15;5122223.78;1159.45
4977;404062.73;5122224.88;1160.4
5364;404059.88;5122230.74;1157.12
2880;404060.36;5122233.18;1154.18
1093;404060.66;5122231.47;1150.9
6767;404060.73;5122236.04;1147.81
4754;404060.36;5122238.79;1147.35
4729;404061.01;5122240.13;1145.83
4554;404061.33;5122239.73;1139.85
2070;404059.48;5122244.99;1140.64
1518;404059.72;5122246.73;1140.98
4740;404055.17;5122250.09;1136.03
7549;404052.61;5122254.66;1135.18
2493;404052.97;5122251.06;1133.71
1237;404050.04;5122253.26;1130.27
5598;404049.49;5122256.11;1128.79
3738;404046.86;5122254.27;1124.69
3684;404051.01;5122249.97;1120.34
5136;404049.9;5122249.52;1116.45
5527;404050.2;5122251.6;1116.67
2750;404048.1;5122252.36;1113.35
3805;404045.63;5122257.67;1113.35
2941;404048.67;5122254.62;1109.48
6578;404046.07;5122260.12;1111.79
5563;404044.77;5122262.27;1108.34
2783;404043.03;5122264.68;1106.95
4546;404043.03;5122264.68;1104.38
5068;404043.72;5122266.48;1103.31
1672;404038.72;5122261.98;1100.59
6034;404036.81;5122261.01;1097.52
6543;404033.28;5122265.36;1096.53
3530;404033.02;5122280.15;1096.53
1828;404045.24;5122289.02;1096.27
7356;404046.49;5122259.75;1107.66
6777;404131.9;5122224.29;1238.02
1301;404168.36;5122258.77;1284.72
4738;404169.72;5122261.64;1287.12
3606;404165.02;5122262.35;1286.84
5911;404164.55;5122261.88;1287.15
308;404165.07;5122266.74;1289.09
886;404166.75;5122266.5;1289.81
4460;404163.89;5122269.39;1290.65
5815;404165.9;5122271.65;1289.76
1061;404165.98;5122271.57;1291.82
7213;404168.17;5122274.9;1292.03
6225;404168.65;5122274.36;1292.0
4909;404170.76;5122279.82;1295.53
7509;404169.76;5122278.71;1295.55
6295;404168.36;5122281.78;1299.07
6686;404166.53;5122284.97;1300.87
7028;404164.22;5122286.3;1301.21
4255;404164.29;5122287.39;1301.76
3356;404161.86;5122289.51;1301.92
6888;404159.37;5122292.43;1303.14
11;404161.88;5122292.34;1303.79
1483;404159.67;5122297.95;1303.69
6293;404163.55;5122300.92;1305.26
2859;404163.92;5122300.4;1306.16
5169;404170.37;5122301.28;1308.56
1877;404171.7;5122301.44;1309.19
2138;404173.13;5122299.49;1309.63
1224;404175.86;5122296.03;1298.49
3881;404170.15;5122302.09;1333.3
4294;404171.6;5122296.76;1305.57
2724;404176.86;5122295.27;1303.34
2461;404179.95;5122297.7;1283.6
5514;404180.09;5122295.77;1283.4
101;404178.25;5122295.06;1282.52
7528;404179.06;5122292.55;1279.91
2535;404181.09;5122286.55;1282.67
2861;404180.29;5122286.47;1281.09
5491;404181.19;5122283.71;1280.85
6277;404178.05;5122281.16;1273.29
3767;404178.65;5122278.35;1272.36
6242;404178.46;5122282.93;1271.86
2118;404179.45;5122274.65;1270.92
1396;404177.88;5122274.25;1269.86
1507;404176.75;5122267.94;1262.19
300;404176.41;5122267.27;1262.9
2128;404176.33;5122266.28;1263.14
970;404157.66;5122265.21;1240.42
5769;404147.8;5122261.23;1197.73
6244;404151.34;5122269.16;1231.54
4518;404162.29;5122259.49;1240.32
7016;404159.52;5122285.98;1177.66
7334;404159.13;5122288.23;1175.88
3375;404158.38;5122290.07;1176.16
4275;404158.54;5122298.94;1175.69
3048;404159.16;5122304.81;1175.59
3594;404158.43;5122311.69;1173.99
337;404158.19;5122316.52;1173.22
2419;404159.38;5122320.02;1173.09
1647;404158.31;5122323.36;1170.45
1275;404160.81;5122325.18;1170.39
5723;404160.81;5122325.18;1162.29
2849;404158.11;5122322.28;1160.92
3783;404158.11;5122322.28;1155.92
1156;404153.08;5122316.5;1154.44
1612;404145.34;5122318.43;1152.15
7009;404140.41;5122320.53;1151.49
1019;404140.07;5122323.3;1151.29
6894;404134.19;5122325.67;1150.4
3640;404132.54;5122322.13;1139.06
5497;404132.06;5122318.69;1130.0
3273;404131.27;5122307.46;1123.5
4037;404130.05;5122308.48;1120.84
105;404128.93;5122298.08;1122.66
6111;404131.27;5122307.46;1114.9
7152;404130.05;5122308.48;1113.24
2088;404134.1;5122308.11;1112.29
2339;404134.96;5122308.61;1112.21
4250;404134.96;5122308.61;1102.71
342;404138.02;5122308.01;1100.36
5448;404137.23;5122316.99;1094.05
938;404136.94;5122317.05;1094.06
1479;404138.23;5122314.4;1092.0
1187;404137.82;5122312.85;1088.56
74;404137.82;5122312.85;1082.26
3157;404135.69;5122313.98;1078.82
1922;404134.96;5122308.8;1076.81
4703;404132.51;5122304.88;1074.65
3448;404131.13;5122302.58;1072.91
5082;404149.29;5122271.85;1188.73
5249;404150.01;5122274.05;1187.55
6531;404151.93;5122274.15;1185.0
7127;404154.99;5122275.32;1182.7
6056;404156.84;5122279.93;1182.09
989;404158.8;5122283.19;1178.55
613;404158.8;5122283.19;1168.15
142;404151.34;5122269.16;1217.54
6304;404150.72;5122275.13;1217.54
5793;404147.53;5122277.05;1216.75
3625;404147.53;5122277.05;1188.65
4120;404165.41;5122260.22;1240.68
3771;404171.01;5122258.49;1241.13
6813;404175.31;5122261.32;1243.47
5025;404175.28;5122262.41;1264.1
3639;404177.29;5122270.08;1271.6
7328;404177.59;5122275.74;1273.77
359;404177.72;5122283.75;1281.78
1506;404175.99;5122288.91;1283.14
4444;404175.88;5122295.61;1285.96
4906;404180.8;5122305.97;1349.72
1876;404176.46;5122245.95;1303.26
3547;404180.15;5122236.59;1308.93
6100;404160.18;5122284.21;1320.11
4873;404158.03;5122287.16;1321.0
679;404159.09;5122289.36;1323.22
424;404157.01;5122290.1;1325.19
4302;404158.07;5122292.53;1327.29
470;404200.17;5122315.13;1371.96
4147;404203.73;5122328.17;1389.42
3932;404203.74;5122329.02;1408.21
6089;404197.82;5122332.61;1413.98
1248;404197.84;5122333.76;1435.97
2909;404203.02;5122335.49;1435.94
3308;404207.28;5122341.12;1435.89
7089;404203.85;5122345.8;1438.74
3900;404204.71;5122359.09;1439.63
70;404206.54;5122356.65;1441.33
830;404210.08;5122361.26;1445.86
977;404213.21;5122360.48;1448.34
3818;404219.34;5122363.18;1447.13
4439;404229.92;5122374.21;1446.94
2845;404229.49;5122377.87;1488.4
1793;404236.07;5122383.74;1497.84
4637;404242.43;5122389.84;1497.77
2837;404247.9;5122394.84;1497.72
1017;404250.2;5122399.72;1501.88
2653;404251.31;5122402.53;1505.2
969;404257.0;5122409.43;1508.18
2459;404260.96;5122413.1;1508.15
4829;404265.74;5122418.61;1506.62
5417;404265.71;5122418.8;1513.38
3298;404271.13;5122424.66;1516.84
7441;404194.6;5122318.64;1387.37
4603;404197.88;5122314.31;1387.18
4841;404189.0;5122304.35;1383.81
529;404181.84;5122309.18;1381.93
2928;404177.08;5122330.22;1378.34
5345;404174.36;5122332.68;1377.27
4213;404173.0;5122336.11;1375.2
6067;404172.34;5122335.23;1374.99
6549;404172.87;5122339.0;1376.03
5534;404169.55;5122334.59;1363.52
1844;404167.45;5122333.01;1357.63
4805;404167.79;5122329.15;1356.37
5148;404169.99;5122323.45;1357.34
328;404172.34;5122320.09;1354.02
276;404172.34;5122320.09;1351.86
93;404172.34;5122320.09;1349.78
5550;404174.73;5122341.16;1379.68
7035;404176.73;5122339.71;1382.9
6199;404178.82;5122339.91;1383.58
5133;404179.36;5122341.26;1382.21
6226;404176.48;5122344.47;1380.62
2102;404174.11;5122355.35;1385.87
6192;404171.12;5122362.92;1386.29
4955;404168.2;5122368.47;1390.58
4578;404164.25;5122381.2;1390.78
3933;404162.4;5122388.97;1392.64
6871;404163.82;5122394.81;1393.05
4113;404160.47;5122394.07;1391.13
5458;404160.48;5122394.06;1387.6
7360;404159.57;5122396.14;1388.53
2920;404154.06;5122404.73;1387.79
767;404153.87;5122405.42;1390.35
475;404148.4;5122418.76;1390.57
3096;404148.42;5122418.75;1394.77
2562;404143.65;5122435.32;1395.03
310;404141.08;5122442.16;1393.17
4688;404140.18;5122442.42;1392.41
4385;404145.52;5122439.99;1398.19
5386;404140.33;5122442.96;1390.18
829;404138.59;5122443.3;1389.39
6036;404136.5;5122448.48;1388.3
3791;404133.81;5122451.93;1386.88
5798;404134.63;5122454.45;1387.79
997;404134.9;5122462.12;1389.85
2754;404128.43;5122471.35;1390.84
452;404127.24;5122473.05;1389.44
6464;404128.43;5122471.35;1344.84
1797;404124.66;5122476.6;1364.52
1897;404115.51;5122484.56;1354.71
4644;404115.16;5122486.57;1350.33
410;404104.03;5122509.39;1351.22
760;404102.72;5122510.95;1350.67
6116;404101.18;5122520.04;1358.11
3555;404108.09;5122509.11;1350.2
2929;404103.34;5122514.49;1347.08
2521;404101.27;5122516.56;1345.71
2932;404100.38;5122517.45;1341.01
6441;404100.38;5122517.45;1335.25
3724;404097.03;5122522.24;1334.74
1549;404096.05;5122525.88;1331.58
6904;404093.96;5122531.64;1325.45
3600;404109.88;5122506.97;1347.6
3188;404114.74;5122497.01;1341.95
69;404119.39;5122491.06;1332.62
1656;404127.82;5122469.67;1344.01
6521;404126.58;5122474.31;1344.01
7445;404126.58;5122474.31;1339.34
1563;404126.58;5122481.8;1339.99
4674;404124.38;5122485.61;1340.22
2147;404124.38;5122485.61;1336.79
2895;404124.67;5122488.83;1336.51
1817;404124.67;5122493.08;1323.43
6210;404148.65;5122443.51;1398.68
2389;404151.41;5122442.04;1398.73
7181;404163.59;5122448.2;1388.55
2031;404166.15;5122452.71;1388.81
6269;404176.72;5122458.56;1383.95
7066;404179.3;5122470.62;1387.97
3322;404181.85;5122474.76;1402.15
1100;404183.23;5122477.29;1423.25
3158;404182.87;5122479.2;1423.38
716;404184.73;5122481.09;1423.94
5752;404186.41;5122482.48;1426.35
4086;404186.37;5122482.29;1441.34
7022;404184.86;5122471.77;1444.53
1862;404185.14;5122465.46;1444.58
4904;404184.56;5122462.0;1442.49
6875;404182.97;5122462.41;1442.9
4591;404197.27;5122452.01;1446.45
2543;404181.93;5122454.78;1442.22
7257;404184.29;5122465.64;1444.53
2698;404182.21;5122473.68;1444.94
2037;404180.09;5122474.16;1444.43
2156;404179.94;5122476.25;1444.46
2093;404178.83;5122476.39;1444.38
3924;404179.27;5122477.9;1444.48
4160;404177.37;5122478.26;1444.62
3075;404176.27;5122479.88;1444.48
1239;404174.64;5122481.27;1444.56
2484;404172.3;5122482.97;1444.7
5429;404168.46;5122484.2;1444.65
4056;404169.0;5122486.42;1444.41
6217;404167.11;5122486.57;1444.44
1807;404167.92;5122488.06;1444.72
6112;404166.96;5122488.55;1444.75
2049;404166.07;5122487.56;1444.07
2227;404165.51;5122486.59;1442.45
1386;404163.47;5122487.57;1441.86
6560;404163.5;5122486.48;1439.51
1542;404162.5;5122483.98;1438.74
1594;404162.31;5122480.67;1438.56
3462;404162.6;5122478.82;1439.24
6305;404160.9;5122478.05;1439.14
1286;404158.76;5122477.01;1439.24
411;404159.03;5122475.6;1439.47
6064;404159.67;5122472.33;1439.39
6638;404155.61;5122470.57;1439.71
5577;404160.16;5122469.07;1439.28
4374;404152.71;5122461.45;1438.8
150;404150.63;5122461.16;1438.14
951;404149.01;5122459.25;1437.92
7052;404146.53;5122459.93;1437.67
512;404145.85;5122456.6;1437.28
4210;404144.25;5122454.5;1436.96
3405;404143.99;5122456.25;1437.21
123;404142.16;5122456.55;1437.07
858;404144.09;5122461.52;1437.65
1042;404142.35;5122462.57;1437.62
318;404140.97;5122466.35;1437.25
517;404138.9;5122466.37;1437.92
2192;404140.68;5122462.92;1443.1
6083;404136.79;5122465.1;1438.62
4057;404135.35;5122465.37;1437.89
1409;404134.71;5122463.03;1438.57
4597;404132.61;5122460.01;1439.43
2953;404133.39;5122459.16;1439.13
4759;404130.57;5122460.3;1439.79
6311;404137.84;5122460.07;1441.6
6759;404123.84;5122453.8;1441.75
5380;404121.71;5122453.11;1442.88
2512;404119.4;5122454.12;1442.59
1464;404117.26;5122454.09;1443.6
2438;404113.23;5122453.62;1441.49
2396;404139.29;5122460.94;1443.55
3504;404144.04;5122465.47;1441.41
1969;404144.64;5122470.22;1438.53
17;404146.46;5122472.18;1438.28
3698;404148.97;5122475.39;1437.77
7082;404161.14;5122465.69;1437.03
4117;404197.37;5122452.02;1463.71
1044;404199.14;5122451.35;1463.69
553;404200.2;5122450.87;1463.68
506;404206.51;5122450.98;1463.73
6308;404207.66;5122454.63;1463.15
6395;404219.95;5122458.34;1464.21
3619;404220.22;5122454.47;1464.14
4773;404229.08;5122458.36;1462.23
6746;404220.09;5122456.89;1460.55
5209;404215.89;5122452.83;1460.55
6590;404215.89;5122452.83;1458.18
5942;404214.59;5122450.57;1458.5
5478;404212.7;5122453.48;1457.57
6452;404211.88;5122449.66;1459.32
2994;404209.65;5122450.21;1458.74
275;404207.44;5122451.65;1457.09
7399;404207.53;5122450.02;1456.98
2345;404208.15;5122447.99;1457.43
535;404206.45;5122443.05;1457.43
5924;404203.24;5122445.3;1458.19
3479;404204.11;5122447.69;1457.17
1373;404201.06;5122448.34;1457.11
906;404198.46;5122445.01;1452.07
7159;404197.09;5122446.28;1451.91
7161;404192.04;5122443.93;1447.56
1567;404197.09;5122446.28;1441.41
4478;404189.87;5122448.58;1446.09
4410;404189.96;5122450.22;1443.83
1751;404184.05;5122450.12;1443.52
3089;404184.05;5122450.12;1441.06
1804;404182.31;5122448.26;1440.97
3119;404181.98;5122450.59;1440.39
6773;404179.8;5122454.09;1439.95
5536;404177.34;5122452.03;1437.79
3193;404174.33;5122454.06;1434.64
2649;404164.74;5122449.79;1418.45
1309;404171.23;5122446.33;1417.42
78;404162.51;5122449.98;1416.77
917;404177.54;5122450.75;1410.24
904;404182.18;5122457.14;1411.91
3750;404161.4;5122451.14;1407.67
1348;404161.4;5122451.14;1392.07
5873;404197.09;5122446.28;1442.61
3387;404197.99;5122448.9;1443.25
5880;404193.14;5122452.55;1443.89
4946;404193.78;5122454.4;1441.93
6069;404193.78;5122454.4;1438.43
4607;404229.16;5122458.36;1477.38
2925;404236.4;5122458.0;1478.32
5958;404236.45;5122458.0;1490.0
6147;404234.32;5122459.68;1493.97
5976;404233.39;5122472.97;1497.24
3829;404232.18;5122477.64;1497.95
1087;404228.91;5122485.2;1500.09
1470;404227.94;5122492.7;1502.92
6159;404227.34;5122487.0;1506.94
6735;404232.42;5122492.31;1508.25
5746;404225.32;5122482.44;1500.32
6975;404220.82;5122481.15;1498.98
2516;404215.61;5122473.42;1488.98
335;404220.31;5122468.88;1486.47
413;404220.81;5122466.34;1485.15
1914;404223.72;5122467.24;1483.32
514;404224.64;5122461.47;1479.08
7490;404219.33;5122458.03;1480.65
3911;404218.25;5122455.81;1478.27
7063;404209.42;5122454.57;1477.02
632;404208.98;5122452.07;1476.24
2927;404208.08;5122453.51;1476.15
2359;404206.06;5122451.18;1475.83
4563;404204.93;5122451.71;1475.83
3249;404204.93;5122451.71;1470.93
6471;404237.88;5122489.45;1508.94
334;404243.67;5122489.25;1510.63
2432;404246.23;5122485.65;1510.12
1839;404249.23;5122489.3;1510.99
3257;404249.24;5122489.31;1512.03
4968;404252.26;5122489.31;1510.11
5402;404254.34;5122491.93;1508.21
128;404255.22;5122492.74;1504.43
1398;404254.69;5122490.17;1504.17
3409;404254.7;5122490.17;1503.22
4908;404254.69;5122490.42;1472.81
2749;404278.24;5122536.46;1512.99
2640;404282.95;5122540.15;1508.47
1118;404292.86;5122544.18;1513.48
3349;404274.84;5122522.84;1513.35
1771;404280.78;5122540.94;1504.61
717;404286.22;5122540.46;1491.08
7182;404283.96;5122541.28;1491.08
1202;404283.56;5122543.57;1489.9
4654;404279.64;5122545.0;1489.53
6007;404277.65;5122546.67;1488.03
6262;404275.6;5122552.29;1485.24
26;404277.12;5122554.1;1484.82
1996;404281.64;5122550.44;1485.85
5470;404286.11;5122555.78;1485.24
1387;404288.37;5122551.88;1483.6
6843;404292.59;5122549.44;1483.09
5655;404291.76;5122549.56;1483.09
4426;404292.47;5122544.48;1481.42
1198;404294.34;5122543.27;1480.08
431;404298.95;5122548.38;1481.68
3909;404292.75;5122541.98;1479.21
3350;404295.37;5122546.01;1479.3
1505;404301.61;5122549.04;1479.77
1789;404301.61;5122549.04;1474.17
888;404301.05;5122552.56;1473.67
4048;404299.45;5122553.24;1474.51
5744;404298.42;5122555.17;1474.71
3579;404294.81;5122556.78;1475.55
6757;404295.0;5122558.89;1478.36
7348;404292.1;5122560.92;1477.61
508;404323.52;5122561.2;1516.45
1933;404324.56;5122557.88;1517.26
2101;404327.63;5122560.53;1516.37
6954;404329.64;5122564.16;1512.98
3367;404320.33;5122563.31;1515.72
7370;404320.56;5122558.75;1513.7
5685;404333.47;5122567.31;1529.24
7251;404330.49;5122571.74;1528.88
4070;404334.74;5122576.34;1530.16
5280;404334.08;5122581.23;1529.87
7389;404327.97;5122583.85;1528.45
1054;404322.35;5122592.26;1527.94
5747;404316.9;5122600.47;1526.49
1497;404316.69;5122600.15;1526.47
3328;404317.59;5122602.29;1527.28
2130;404312.2;5122605.68;1520.91
6078;404306.74;5122607.76;1521.45
6782;404303.43;5122613.13;1519.42
5978;404307.15;5122606.11;1521.59
1787;404308.02;5122633.03;1528.09
2846;404320.49;5122601.75;1520.16
7226;404325.99;5122596.67;1515.79
7371;404337.23;5122591.2;1518.14
5482;404337.28;5122581.17;1514.94
1731;404338.11;5122577.97;1518.49
97;404335.73;5122576.97;1520.25
4248;404331.33;5122572.72;1519.04
735;404335.78;5122567.22;1520.23
5834;404329.34;5122563.67;1520.13
870;404327.65;5122560.11;1537.66
2054;404327.66;5122561.69;1541.63
6325;404330.91;5122571.69;1542.17
824;404330.92;5122571.65;1547.66
4540;404327.02;5122570.42;1551.65
4216;404322.68;5122575.1;1551.98
461;404319.28;5122581.33;1554.17
4501;404313.68;5122582.5;1553.76
6987;404313.66;5122641.09;1531.48
4282;404313.31;5122651.14;1537.05
2141;404313.32;5122651.39;1546.54
3427;404303.6;5122652.06;1535.89
1004;404308.09;5122656.47;1552.98
5140;404308.73;5122656.56;1552.98
6394;404302.55;5122659.34;1555.7
2279;404301.24;5122662.67;1555.69
479;404298.56;5122665.44;1555.69
1980;404296.35;5122669.22;1557.69
3074;404297.1;5122673.05;1558.02
2259;404294.14;5122674.01;1558.74
6132;404289.04;5122674.01;1559.45
1124;404279.91;5122681.08;1559.42
736;404275.22;5122685.17;1558.21
605;404269.72;5122692.82;1559.16
5138;404265.44;5122692.52;1556.65
401;404255.88;5122698.91;1550.55
4673;404252.81;5122707.8;1544.13
357;404248.32;5122711.72;1546.27
3802;404247.8;5122709.25;1541.32
3654;404246.74;5122714.81;1546.76
6555;404253.73;5122702.73;1538.9
1435;404260.77;5122700.75;1540.57
649;404266.82;5122695.37;1534.11
7458;404272.84;5122688.53;1531.61
593;404276.13;5122687.52;1533.21
3407;404279.19;5122683.29;1532.83
1069;404279.2;5122683.38;1528.02
4573;404288.38;5122676.64;1530.01
3623;404298.89;5122670.05;1536.64
2385;404279.78;5122685.14;1536.48
6934;404279.78;5122685.14;1516.75
189;404282.41;5122680.76;1515.18
4007;404284.94;5122676.55;1512.23
3558;404284.64;5122672.31;1510.07
6039;404288.18;5122673.63;1512.92
5214;404287.06;5122670.21;1510.81
2716;404288.75;5122666.73;1509.98
6028;404288.75;5122666.73;1504.13
4564;404290.09;5122660.44;1502.29
125;404290.09;5122660.44;1495.94
2889;404288.81;5122656.92;1496.6
5421;404289.88;5122654.15;1494.43
752;404286.22;5122652.03;1493.84
4619;404284.42;5122647.79;1488.89
6266;404285.43;5122647.02;1487.79
6129;404285.43;5122647.02;1483.34
4474;404286.79;5122640.6;1482.77
2315;404287.81;5122637.81;1482.14
1802;404290.1;5122630.73;1480.55
2013;404293.1;5122628.7;1480.81
4600;404293.58;5122627.24;1478.14
133;404298.34;5122619.64;1478.61
5067;404298.39;5122616.42;1477.5
25;404301.55;5122608.6;1475.55
5018;404300.78;5122606.86;1475.65
1626;404301.95;5122604.33;1475.95
2800;404300.01;5122599.26;1474.59
5647;404288.18;5122673.63;1500.32
5445;404303.38;5122660.49;1537.75
3657;404244.92;5122716.63;1547.86
1350;404242.1;5122716.18;1547.35
7296;404239.14;5122716.7;1550.57
4544;404241.91;5122719.38;1553.92
3885;404244.07;5122722.46;1554.93
6714;404236.1;5122728.25;1559.11
428;404229.76;5122730.31;1561.53
3749;404228.38;5122733.6;1563.35
3496;404228.27;5122735.65;1558.91
176;404224.23;5122743.93;1560.2
3891;404225.63;5122747.4;1560.86
5485;404224.46;5122750.64;1562.47
5895;404225.36;5122755.28;1564.1
7266;404223.0;5122754.95;1564.43
1306;404222.67;5122758.71;1563.13
4264;404219.58;5122758.77;1563.96
3613;404218.67;5122764.56;1564.57
132;404221.75;5122767.54;1566.95
4912;404225.84;5122779.42;1571.28
6880;404225.42;5122785.46;1573.02
5764;404229.87;5122794.19;1576.2
4876;404229.31;5122797.37;1581.37
3175;404226.8;5122800.96;1581.83
5217;404226.8;5122800.96;1588.03
3776;404226.8;5122803.22;1594.23
7486;404218.06;5122819.63;1601.01
2691;404231.17;5122827.51;1612.95
7398;404240.14;5122841.33;1617.06
2610;404220.18;5122851.07;1637.07
5961;404332.77;5122562.95;1512.01
2499;404333.18;5122567.54;1512.04
2482;404331.42;5122571.74;1512.22
5659;404334.12;5122574.44;1512.59
6892;404331.62;5122579.07;1512.38
3946;404328.73;5122582.29;1512.48
3312;404329.29;5122586.2;1512.11
6802;404331.45;5122587.4;1512.04
3708;404328.55;5122585.5;1511.22
5069;404329.92;5122588.28;1511.77
3743;404326.16;5122584.56;1511.25
4189;404324.65;5122583.47;1511.46
7128;404324.56;5122581.49;1511.76
2819;404322.32;5122579.77;1511.8
2631;404322.41;5122577.33;1512.53
914;404323.48;5122574.18;1511.56
5850;404322.0;5122570.67;1512.03
4507;404324.15;5122566.04;1512.34
3369;404319.31;5122565.84;1512.03
4995;404319.68;5122566.98;1509.73
1367;404318.8;5122568.1;1506.96
1;404320.42;5122565.44;1505.0
2142;404322.31;5122562.71;1504.12
7043;404327.13;5122564.67;1504.35
4769;404330.58;5122569.5;1501.4
5664;404328.5;5122569.02;1502.18
5528;404330.96;5122568.85;1500.87
1117;404325.31;5122573.83;1499.97
4515;404327.53;5122577.55;1497.62
2620;404327.05;5122580.31;1497.3
4802;404326.51;5122578.03;1497.33
6606;404330.73;5122583.19;1497.14
5618;404323.67;5122576.2;1497.06
4742;404319.95;5122577.79;1497.44
2814;404318.39;5122580.36;1497.88
975;404318.84;5122582.52;1498.13
3070;404320.56;5122582.93;1498.7
1639;404320.55;5122588.14;1500.23
2096;404321.45;5122587.93;1499.88
3756;404322.62;5122587.7;1501.13
5147;404325.73;5122590.32;1502.42
6186;404332.15;5122593.66;1505.94
5435;404332.44;5122589.54;1509.79
7477;404334.3;5122580.41;1492.62
2352;404333.21;5122600.04;1492.25
2368;404332.15;5122601.81;1491.15
1319;404333.02;5122602.24;1491.45
6437;404326.13;5122602.66;1489.75
6545;404323.47;5122605.94;1488.93
2827;404324.28;5122610.1;1489.0
1888;404323.62;5122614.26;1490.29
5673;404322.12;5122619.22;1490.66
419;404320.68;5122622.95;1489.88
6583;404319.18;5122626.32;1490.01
625;404316.8;5122626.24;1487.86
7383;404313.06;5122628.31;1488.31
2034;404312.2;5122633.22;1489.19
7184;404312.7;5122638.93;1493.2
4326;404316.41;5122641.07;1495.77
6498;404320.96;5122647.34;1501.2
2169;404323.76;5122643.88;1502.14
1770;404328.77;5122602.46;1489.64
738;404329.1;5122604.32;1489.31
607;404331.45;5122603.83;1481.94
2853;404331.38;5122601.98;1472.41
7297;404333.56;5122600.72;1467.46
2009;404331.16;5122603.21;1472.63
4950;404334.2;5122599.84;1475.69
5037;404337.61;5122595.47;1474.61
7062;404341.63;5122591.0;1470.08
4151;404340.84;5122590.86;1470.61
4278;404342.04;5122588.03;1470.66
6354;404344.86;5122580.3;1470.66
1179;404345.1;5122573.51;1470.3
4664;404346.55;5122570.78;1470.25
6981;404348.29;5122565.98;1471.24
4217;404348.97;5122562.8;1470.06
6475;404350.0;5122557.94;1469.97
5640;404350.72;5122552.09;1470.38
6758;404349.22;5122547.18;1470.2
5158;404349.86;5122547.49;1470.28
3520;404347.14;5122544.87;1469.93
1083;404350.62;5122545.41;1469.68
629;404353.35;5122542.37;1468.81
5459;404357.54;5122535.4;1467.82
3311;404359.56;5122536.34;1468.81
3494;404361.78;5122533.6;1466.25
5693;404364.23;5122530.87;1464.69
1991;404366.59;5122526.8;1464.44
21;404368.31;5122523.68;1464.25
4827;404369.66;5122523.55;1464.36
2812;404369.94;5122520.64;1460.9
6852;404370.81;5122517.3;1460.78
4716;404373.43;5122513.56;1461.52
4362;404372.31;5122511.91;1460.35
6599;404372.28;5122510.48;1455.71
4668;404372.87;5122507.65;1454.89
5797;404373.46;5122505.08;1453.17
3678;404373.83;5122502.14;1452.82
55;404372.15;5122500.63;1451.78
6848;404372.9;5122501.86;1441.9
1016;404374.51;5122500.18;1440.85
6986;404370.7;5122501.1;1442.22
3753;404373.06;5122497.89;1446.16
978;404376.74;5122501.01;1440.04
834;404376.7;5122497.34;1440.8
2092;404377.0;5122494.09;1440.4
5260;404372.44;5122493.92;1438.9
3592;404379.61;5122493.63;1441.49
2841;404371.91;5122491.84;1437.8
5949;404369.33;5122491.69;1436.29
4842;404368.4;5122493.46;1436.04
1825;404368.44;5122493.95;1435.76
3726;404370.63;5122497.93;1435.11
3220;404373.93;5122495.76;1434.33
838;404376.08;5122496.3;1430.63
6300;404376.4;5122498.33;1425.86
4671;404378.81;5122498.2;1425.23
6528;404377.88;5122498.8;1424.75
456;404379.44;5122496.4;1424.75
5308;404375.35;5122497.41;1425.34
1189;404375.06;5122501.24;1420.8
6162;404370.72;5122498.82;1418.67
3794;404369.9;5122498.07;1410.22
1335;404372.13;5122501.29;1410.27
3205;404369.22;5122502.31;1408.86
6398;404366.69;5122503.66;1407.56
4870;404367.35;5122502.22;1407.3
552;404366.71;5122502.89;1407.25
1515;404369.59;5122501.94;1405.67
715;404365.98;5122503.7;1406.59
2494;404365.1;5122503.73;1406.37
6835;404364.48;5122504.02;1404.34
4672;404365.68;5122503.92;1403.66
1778;404367.2;5122503.8;1403.15
564;404367.35;5122504.53;1403.15
6267;404371.31;5122505.89;1400.46
6914;404372.47;5122503.73;1389.81
2766;404373.83;5122500.62;1382.74
1325;404376.26;5122498.68;1381.52
5610;404376.5;5122495.58;1380.44
1939;404375.87;5122495.77;1379.33
2969;404377.16;5122498.58;1375.08
3000;404374.8;5122494.18;1383.04
6612;404375.1;5122492.97;1381.76
4601;404372.72;5122492.77;1385.36
7416;404373.63;5122493.71;1385.76
2777;404379.43;5122497.3;1373.89
1080;404379.61;5122499.68;1372.18
4972;404381.82;5122499.1;1368.98
1359;404384.0;5122498.35;1365.78
5461;404385.59;5122500.13;1365.74
693;404385.07;5122502.4;1363.12
4799;404383.45;5122506.83;1358.44
6278;404384.89;5122505.73;1356.69
6427;404385.9;5122503.91;1356.17
7179;404385.28;5122502.52;1355.21
3238;404386.48;5122501.79;1355.32
7527;404389.6;5122499.79;1353.99
5449;404389.41;5122499.16;1354.58
5058;404389.21;5122499.62;1352.83
3372;404392.01;5122500.6;1352.29
3952;404395.57;5122500.66;1348.84
3150;404394.94;5122500.08;1348.02
1896;404396.0;5122501.33;1347.81
4198;404396.27;5122501.79;1347.67
6705;404396.7;5122502.88;1347.73
6803;404398.23;5122503.17;1347.8
7201;404397.97;5122505.14;1347.28
7507;404397.43;5122504.15;1346.59
266;404396.34;5122505.35;1346.41
5843;404376.49;5122498.16;1419.51
3826;404373.31;5122494.93;1446.91
1866;404372.63;5122492.78;1446.03
5997;404374.78;5122492.75;1444.98
6248;404374.6;5122496.22;1444.44
2205;404367.0;5122529.61;1464.37
3131;404367.0;5122529.61;1468.59
2055;404372.27;5122522.08;1468.43
1841;404376.79;5122518.68;1468.83
4684;404377.96;5122515.79;1467.37
1729;404378.84;5122514.94;1466.31
4898;404384.65;5122513.27;1466.31
6639;404384.4;5122509.65;1464.91
972;404385.31;5122504.96;1463.08
2159;404387.4;5122498.88;1462.51
4011;404388.71;5122496.7;1462.06
6605;404391.24;5122490.12;1453.97
7357;404396.82;5122487.75;1452.68
5862;404396.82;5122478.8;1450.77
787;404395.63;5122479.79;1450.78
7167;404395.63;5122478.24;1450.97
1361;404394.42;5122478.21;1448.87
6062;404391.21;5122483.19;1449.33
1191;404388.48;5122487.28;1444.52
4566;404388.31;5122477.22;1443.21
7287;404392.39;5122472.87;1442.94
4384;404390.95;5122469.16;1442.27
663;404395.01;5122466.9;1442.29
611;404395.75;5122461.34;1440.74
6218;404395.77;5122461.07;1427.05
5184;404393.68;5122458.93;1427.06
6931;404395.73;5122458.05;1428.05
3214;404393.59;5122451.89;1427.18
3705;404390.36;5122449.8;1425.49
2847;404390.04;5122447.32;1423.63
3908;404389.67;5122440.7;1421.8
7354;404390.69;5122443.13;1423.67
453;404390.35;5122438.63;1420.48
3495;404391.81;5122444.14;1429.71
4969;404392.07;5122442.89;1429.52
3882;404392.09;5122442.87;1433.4
2145;404394.19;5122441.61;1434.75
331;404393.56;5122436.65;1434.96
2628;404392.32;5122436.52;1437.59
5076;404390.61;5122443.18;1438.62
4389;404392.11;5122445.51;1444.94
3279;404395.34;5122449.24;1446.77
2577;404397.98;5122449.82;1447.31
6966;404402.0;5122451.71;1448.85
807;404404.34;5122456.54;1449.07
1738;404406.61;5122456.75;1449.56
3270;404412.15;5122457.96;1450.89
5412;404411.3;5122462.15;1451.6
3355;404411.08;5122462.15;1451.6
5319;404411.26;5122467.92;1452.56
4859;404408.88;5122467.16;1452.09
96;404408.18;5122470.58;1451.29
4532;404405.79;5122470.34;1450.57
7542;404399.38;5122471.07;1450.04
7397;404387.28;5122435.22;1418.25
976;404388.41;5122433.77;1405.15
7211;404385.01;5122432.51;1405.66
3550;404384.28;5122431.85;1400.51
251;404384.42;5122428.95;1400.24
6676;404384.02;5122424.71;1397.88
6855;404382.54;5122426.01;1401.32
454;404381.73;5122425.99;1397.05
1268;404382.95;5122421.86;1398.65
6057;404383.66;5122428.55;1392.01
644;404387.48;5122428.05;1391.43
5953;404389.09;5122424.65;1391.49
4146;404391.61;5122425.37;1389.05
5717;404391.09;5122420.62;1388.36
4145;404392.6;5122419.27;1388.72
5760;404395.41;5122420.27;1388.01
926;404396.05;5122418.47;1386.23
4306;404394.85;5122414.82;1386.25
4520;404392.66;5122420.62;1386.0
7340;404396.22;5122408.43;1373.48
5413;404396.72;5122405.65;1373.82
2044;404399.81;5122406.12;1369.09
594;404402.71;5122399.13;1358.72
3302;404401.43;5122398.61;1361.48
2587;404397.03;5122402.85;1358.87
6052;404401.41;5122397.22;1362.78
5081;404399.86;5122396.2;1364.24
4406;404403.18;5122393.6;1364.62
5230;404400.1;5122398.21;1366.21
1324;404398.24;5122399.31;1369.57
1251;404397.19;5122399.92;1369.55
1474;404392.58;5122402.25;1370.73
2797;404391.22;5122402.65;1372.76
645;404389.4;5122403.84;1373.8
3655;404387.27;5122402.45;1373.41
7358;404381.54;5122406.0;1374.12
3022;404381.11;5122404.34;1373.07
1205;404380.33;5122405.26;1381.72
2267;404379.44;5122406.71;1381.8
322;404373.98;5122406.78;1382.21
4074;404373.91;5122406.76;1392.51
3714;404372.99;5122408.3;1393.65
5073;404373.0;5122410.59;1394.2
3165;404369.39;5122416.17;1394.24
7385;404371.03;5122418.39;1394.11
126;404375.82;5122417.15;1394.06
1305;404379.12;5122415.99;1394.65
3477;404380.13;5122419.93;1394.25
3610;404380.1;5122419.92;1398.44
6820;404380.82;5122420.7;1398.05
2950;404405.48;5122393.58;1365.41
1203;404405.44;5122396.55;1364.16
3478;404406.63;5122396.11;1363.77
5124;404408.69;5122395.71;1363.82
6727;404411.46;5122396.92;1363.28
186;404412.59;5122397.96;1360.14
2478;404411.12;5122401.59;1359.08
6306;404412.26;5122402.54;1356.6
4381;404412.63;5122399.6;1355.25
1597;404412.3;5122398.0;1353.2
1455;404411.21;5122397.29;1349.69
7533;404410.46;5122397.91;1348.56
7306;404412.62;5122395.98;1347.87
4436;404408.78;5122395.77;1346.38
1948;404414.05;5122395.12;1347.47
1229;404407.6;5122393.39;1346.2
5027;404404.96;5122392.1;1346.88
5735;404400.24;5122393.79;1346.48
955;404398.41;5122393.45;1346.83
341;404395.97;5122392.92;1346.69
4345;404394.68;5122393.41;1346.92
6519;404392.49;5122396.49;1334.37
6503;404393.37;5122394.01;1353.95
1447;404395.29;5122399.47;1335.09
1767;404395.17;5122394.09;1354.25
6003;404395.6;5122393.96;1355.73
1146;404398.54;5122392.86;1358.12
2219;404401.43;5122390.93;1358.47
4085;404398.39;5122395.59;1358.4
4494;404394.77;5122401.26;1357.91
1047;404390.02;5122403.0;1335.14
1777;404388.67;5122402.73;1332.48
6108;404387.98;5122405.72;1332.21
5064;404389.96;5122408.11;1331.54
3083;404381.77;5122413.89;1329.52
7129;404379.79;5122413.56;1329.98
383;404382.25;5122413.33;1325.63
3575;404381.78;5122411.74;1325.86
1646;404376.6;5122416.52;1319.84
296;404372.42;5122417.36;1314.54
1918;404372.47;5122419.43;1313.98
6574;404364.19;5122418.89;1302.47
6552;404365.73;5122415.25;1302.95
852;404361.96;5122412.33;1302.83
7453;404363.38;5122404.57;1302.47
3065;404361.32;5122402.93;1303.41
33;404361.22;5122401.19;1303.44
1089;404367.96;5122395.95;1302.64
6971;404367.16;5122392.7;1302.28
4261;404369.79;5122389.53;1302.07
4727;404372.43;5122381.85;1301.19
5216;404372.78;5122380.04;1301.97
3287;404374.24;5122376.91;1302.14
5854;404371.5;5122370.17;1301.75
7324;404368.48;5122369.01;1300.28
6554;404366.37;5122364.19;1299.26
7476;404362.95;5122361.86;1299.67
4234;404360.26;5122359.95;1298.47
4502;404358.57;5122355.92;1297.85
4598;404353.64;5122353.8;1299.33
4959;404353.22;5122351.8;1299.32
4054;404351.22;5122351.9;1299.29
6780;404350.11;5122349.14;1298.52
3023;404349.39;5122345.26;1295.27
5289;404348.87;5122344.21;1296.58
5348;404348.87;5122344.21;1267.67
6400;404345.93;5122341.28;1268.33
3306;404340.03;5122336.9;1266.95
3552;404348.08;5122344.41;1267.78
6008;404339.16;5122334.56;1267.31
1231;404335.66;5122333.3;1266.27
4709;404332.94;5122333.65;1265.18
1012;404330.71;5122337.08;1264.18
6284;404328.87;5122336.93;1263.9
5129;404326.17;5122342.41;1262.65
1123;404322.44;5122341.77;1261.8
4625;404320.45;5122342.79;1261.73
2650;404318.06;5122344.18;1261.26
6684;404319.05;5122349.0;1261.2
2125;404319.19;5122340.87;1260.32
3052;404321.27;5122350.82;1261.56
6371;404325.97;5122351.67;1261.59
5524;404330.05;5122350.03;1264.17
4916;404331.77;5122347.64;1264.6
2743;404335.74;5122345.36;1264.95
190;404338.09;5122345.7;1265.64
1379;404342.12;5122344.08;1266.35
5066;404319.27;5122336.84;1260.74
983;404316.5;5122334.6;1259.16
4509;404314.12;5122336.89;1257.17
3947;404312.86;5122335.49;1255.86
2338;404311.83;5122339.63;1256.76
5157;404305.85;5122334.75;1254.74
4177;404313.59;5122341.27;1257.01
1498;404316.13;5122341.9;1257.15
6173;404317.64;5122345.0;1257.88
1404;404320.56;5122346.12;1258.16
3876;404301.29;5122329.87;1254.85
744;404297.26;5122329.08;1253.19
3855;404296.54;5122324.98;1252.97
6724;404298.46;5122321.77;1253.24
6174;404295.76;5122318.03;1253.32
4415;404295.49;5122314.99;1252.72
3830;404288.57;5122313.77;1253.09
5574;404285.32;5122309.62;1251.17
4646;404282.12;5122307.77;1251.04
869;404277.02;5122306.87;1252.43
1998;404274.67;5122303.26;1251.51
24;404275.74;5122299.76;1251.32
5941;404281.64;5122300.91;1251.01
463;404279.96;5122295.73;1251.48
6181;404281.93;5122292.32;1251.42
1164;404279.02;5122290.06;1252.06
2004;404277.45;5122285.21;1252.15
5057;404273.75;5122283.24;1252.45
490;404271.16;5122278.94;1252.1
7133;404265.78;5122276.55;1252.2
4271;404264.62;5122273.52;1251.97
3324;404262.75;5122272.98;1250.4
3383;404256.08;5122271.93;1248.84
3206;404254.28;5122275.62;1247.96
1266;404256.56;5122283.58;1247.38
2166;404250.93;5122283.97;1245.44
1495;404248.69;5122288.98;1243.86
6786;404242.46;5122291.63;1241.92
3342;404241.07;5122295.91;1239.73
4457;404242.97;5122295.64;1238.79
6245;404242.04;5122298.08;1236.68
7205;404246.2;5122299.19;1234.85
5842;404246.11;5122299.91;1235.52
2175;404247.45;5122300.65;1236.16
3398;404246.71;5122300.08;1218.74
4981;404248.24;5122307.1;1218.64
953;404248.14;5122308.91;1218.51
2670;404247.74;5122313.38;1218.45
7548;404248.81;5122313.21;1217.88
3151;404249.7;5122314.61;1215.3
7240;404251.58;5122316.51;1214.97
1041;404250.07;5122318.14;1214.89
311;404252.04;5122319.77;1215.04
3557;404253.43;5122322.6;1214.59
7097;404252.44;5122323.28;1201.62
5244;404252.96;5122324.98;1201.37
1613;404257.81;5122321.29;1201.5
6982;404252.73;5122327.84;1201.71
282;404252.82;5122332.52;1201.42
5533;404249.77;5122342.15;1200.63
7310;404257.23;5122319.61;1201.28
6051;404256.65;5122317.41;1199.49
6842;404254.45;5122317.38;1198.98
4422;404256.08;5122315.41;1198.9
626;404255.32;5122312.66;1198.27
4879;404255.86;5122310.77;1197.65
3832;404417.39;5122394.1;1347.58
1402;404419.56;5122392.04;1347.66
6644;404421.19;5122388.74;1347.92
5700;404424.07;5122387.52;1349.13
60;404425.95;5122386.44;1348.66
2725;404428.0;5122385.81;1347.72
6715;404427.62;5122386.53;1345.27
3645;404429.13;5122386.24;1345.41
7215;404431.92;5122385.42;1346.03
4292;404437.26;5122385.2;1346.34
5832;404438.24;5122384.11;1346.49
2668;404440.22;5122383.18;1346.05
435;404442.41;5122383.94;1345.55
3192;404443.63;5122384.78;1343.88
6315;404442.77;5122384.12;1344.21
362;404441.66;5122384.55;1344.32
1010;404440.43;5122384.09;1343.74
5455;404436.67;5122385.28;1344.3
5241;404441.94;5122385.35;1342.21
6350;404435.0;5122384.97;1344.2
4268;404442.26;5122386.29;1341.85
1185;404447.72;5122384.99;1341.47
216;404447.86;5122385.74;1341.5
307;404449.15;5122385.89;1340.97
433;404450.31;5122383.66;1340.99
5968;404450.22;5122382.52;1341.6
6806;404451.33;5122379.95;1341.39
5446;404451.86;5122378.59;1341.42
6985;404453.36;5122376.34;1340.31
1955;404455.05;5122375.22;1339.09
919;404454.61;5122375.13;1339.37
5467;404455.38;5122372.85;1333.63
578;404458.19;5122374.47;1332.08
2549;404464.55;5122371.8;1330.36
6978;404464.32;5122370.66;1330.27
3072;404469.24;5122367.7;1319.77
4622;404471.19;5122361.6;1317.47
250;404470.63;5122358.01;1315.61
6122;404473.33;5122356.77;1312.65
4023;404473.48;5122354.63;1311.43
1494;404477.44;5122350.85;1312.18
4283;404480.36;5122348.87;1304.22
4015;404482.03;5122345.68;1302.96
1045;404483.31;5122341.76;1300.02
2250;404485.12;5122342.23;1299.82
6481;404486.19;5122340.91;1295.13
6994;404489.61;5122340.46;1294.22
2309;404494.23;5122339.78;1293.59
1370;404494.34;5122338.54;1291.75
2839;404496.4;5122337.64;1290.8
4882;404495.38;5122335.94;1290.77
213;404496.71;5122334.04;1290.67
4191;404497.98;5122331.86;1284.4
4341;404500.55;5122329.84;1284.23
6260;404501.95;5122331.67;1275.85
1779;404503.69;5122326.37;1272.71
4492;404506.62;5122323.87;1272.75
1717;404511.1;5122323.17;1262.37
618;404513.98;5122323.42;1259.06
3680;404514.65;5122320.73;1257.42
236;404512.65;5122317.67;1257.37
1758;404517.83;5122320.38;1255.27
7500;404510.07;5122316.75;1258.52
5074;404517.72;5122328.93;1255.3
2150;404520.4;5122331.29;1255.58
1624;404518.6;5122328.91;1245.43
6788;404511.84;5122335.43;1264.37
6119;404521.77;5122328.44;1256.57
7522;404510.54;5122338.18;1265.42
6261;404510.62;5122341.02;1265.25
5540;404511.77;5122347.04;1268.37
2955;404511.26;5122350.84;1266.33
4233;404509.35;5122372.8;1266.58
3011;404511.26;5122349.74;1266.5
232;404507.27;5122381.66;1262.77
6570;404509.07;5122385.76;1261.96
3473;404510.81;5122387.37;1261.07
1084;404509.33;5122390.41;1264.31
1433;404510.2;5122386.67;1257.24
5218;404507.43;5122386.14;1257.26
2325;404500.85;5122410.9;1258.68
3201;404502.13;5122412.72;1258.25
1300;404502.81;5122415.23;1258.71
7384;404502.55;5122416.92;1259.17
243;404501.33;5122417.43;1257.2
1558;404501.3;5122416.79;1256.54
1794;404499.2;5122418.6;1256.65
496;404501.09;5122420.0;1257.82
7428;404500.12;5122422.85;1257.66
4342;404500.15;5122422.95;1257.51
3576;404500.2;5122421.29;1258.13
3315;404498.42;5122421.67;1257.82
1382;404498.68;5122421.46;1255.08
438;404495.18;5122416.06;1252.05
408;404494.52;5122413.87;1250.03
381;404488.13;5122414.42;1249.63
4819;404486.27;5122410.62;1248.61
3997;404483.74;5122409.91;1247.61
6526;404484.41;5122405.41;1247.17
4883;404487.49;5122401.59;1247.07
7236;404486.55;5122399.59;1247.0
1128;404484.57;5122394.68;1245.88
5612;404480.72;5122394.49;1246.31
3463;404480.56;5122394.65;1245.43
6361;404481.19;5122397.2;1243.68
4199;404480.13;5122394.5;1242.91
4093;404478.11;5122393.08;1241.22
6207;404475.49;5122389.97;1241.58
2930;404474.35;5122390.03;1241.69
1259;404471.62;5122392.54;1240.93
636;404468.03;5122392.43;1242.4
5827;404463.88;5122392.71;1241.99
4576;404462.6;5122389.86;1241.3
1107;404459.3;5122388.5;1237.73
2509;404456.85;5122389.86;1235.47
4605;404453.89;5122383.38;1234.69
1091;404447.77;5122385.17;1235.44
4793;404439.03;5122387.48;1235.14
1641;404436.18;5122387.31;1236.08
5852;404428.48;5122393.83;1231.71
3358;404433.66;5122389.52;1229.87
5535;404426.23;5122389.24;1231.06
2393;404422.09;5122388.82;1228.54
633;404421.03;5122384.86;1224.31
4775;404419.5;5122382.15;1222.87
4996;404416.97;5122377.76;1220.12
2110;404416.05;5122378.81;1219.51
4849;404415.25;5122378.37;1219.03
621;404409.87;5122383.05;1208.65
4848;404407.61;5122383.46;1197.07
7420;404407.48;5122383.42;1194.55
427;404407.23;5122383.51;1193.34
2404;404405.7;5122383.18;1169.0
1704;404401.88;5122382.32;1163.57
5774;404400.91;5122381.21;1148.74
3443;404405.47;5122374.66;1134.56
2406;404402.69;5122381.42;1131.04
1960;404400.69;5122372.29;1131.89
7556;404398.66;5122376.23;1131.98
729;404396.07;5122373.63;1130.24
1339;404395.05;5122375.16;1129.2
138;404394.13;5122374.7;1127.35
5878;404393.66;5122375.65;1126.87
1568;404393.2;5122376.95;1125.3
4853;404390.95;5122378.52;1124.88
1180;404387.99;5122376.19;1122.89
5397;404387.09;5122376.08;1122.88
2793;404385.63;5122375.07;1118.78
6868;404385.35;5122378.0;1119.17
3912;404385.97;5122374.34;1118.43
7241;404386.45;5122379.46;1120.72
1677;404380.83;5122376.33;1119.21
4592;404386.67;5122376.76;1114.57
2022;404385.06;5122382.4;1110.96
6631;404386.75;5122383.95;1110.47
5361;404386.6;5122388.91;1111.06
2015;404390.1;5122389.43;1109.37
3438;404392.95;5122388.82;1099.84
1990;404389.98;5122394.24;1098.73
6123;404389.37;5122396.39;1097.8
1678;404389.59;5122401.74;1097.99
1907;404388.05;5122403.46;1098.01
587;404388.35;5122404.92;1097.98
6489;404388.07;5122407.4;1096.67
3690;404388.11;5122410.46;1097.7
6488;404387.99;5122413.53;1098.75
5642;404389.76;5122415.72;1097.96
3887;404390.79;5122415.3;1093.58
2023;404389.87;5122417.07;1092.24
5656;404388.58;5122380.24;1121.68
5907;404379.02;5122373.0;1117.57
4567;404376.34;5122369.01;1116.67
574;404373.56;5122365.05;1115.76
5405;404375.51;5122360.93;1115.9
4040;404377.51;5122356.84;1116.01
5820;404378.24;5122352.2;1115.95
4052;404373.21;5122348.64;1113.7
6234;404376.56;5122339.31;1114.03
1005;404374.8;5122337.1;1113.16
2193;404376.14;5122331.24;1112.58
2350;404363.23;5122325.32;1105.49
6737;404350.37;5122319.21;1098.36
1430;404349.72;5122311.53;1096.65
294;404350.74;5122306.41;1096.2
5991;404350.05;5122300.4;1094.16
3786;404342.22;5122297.03;1089.7
1905;404334.53;5122293.35;1085.23
2520;404335.57;5122291.54;1085.17
7330;404334.53;5122286.35;1084.42
1685;404335.59;5122281.02;1083.72
7537;404335.95;5122270.28;1082.74
1226;404337.49;5122268.14;1082.88
4032;404339.98;5122264.56;1082.95
2704;404508.24;5122389.94;1256.29
2243;404507.29;5122380.52;1257.42
4447;404507.52;5122392.92;1257.04
6990;404505.52;5122393.21;1258.13
4756;404504.53;5122394.94;1258.29
7336;404502.18;5122397.97;1259.82
6717;404500.31;5122394.14;1259.8
2185;404504.38;5122406.07;1259.32
4530;404501.44;5122406.74;1260.01
1009;404501.42;5122409.88;1260.79
6511;404501.33;5122409.02;1260.18
61;404502.64;5122410.78;1259.82
5935;404502.65;5122410.33;1256.76
749;404506.51;5122410.96;1256.04
1985;404507.58;5122411.08;1251.71
523;404508.3;5122409.58;1251.05
2078;404505.18;5122406.62;1252.39
2856;404503.16;5122408.73;1250.52
800;404511.71;5122411.55;1252.89
148;404507.31;5122408.26;1251.85
2327;404499.94;5122403.87;1249.84
5737;404502.34;5122402.3;1249.61
3182;404501.36;5122399.8;1249.23
68;404502.07;5122396.89;1248.7
4523;404499.78;5122393.81;1248.19
6784;404497.2;5122393.81;1247.7
4810;404495.19;5122390.1;1247.37
4339;404492.84;5122391.02;1246.81
5382;404490.81;5122391.15;1246.28
402;404489.57;5122390.0;1245.64
1023;404487.8;5122390.44;1243.93
4325;404485.87;5122391.13;1244.99
908;404504.8;5122379.04;1255.48
3091;404507.88;5122366.27;1258.13
2779;404509.09;5122366.44;1262.74
547;404509.03;5122360.65;1256.32
3005;404512.24;5122365.88;1265.61
7104;404510.99;5122362.34;1265.5
7553;404508.81;5122356.79;1255.59
400;404513.06;5122354.08;1256.23
4584;404516.8;5122352.61;1253.41
1340;404519.14;5122352.47;1253.18
1236;404518.84;5122351.59;1253.02
111;404517.06;5122347.2;1247.26
7320;404519.79;5122344.86;1251.23
7003;404520.38;5122340.29;1251.47
2097;404524.52;5122336.79;1250.25
2417;404524.51;5122332.66;1253.36
5531;404520.85;5122336.87;1246.89
5518;404525.89;5122330.09;1254.1
4431;404537.02;5122320.15;1249.88
4817;404510.36;5122327.71;1240.31
2076;404509.07;5122328.28;1238.28
6798;404507.21;5122327.06;1237.71
2605;404506.77;5122327.32;1235.38
3778;404502.34;5122320.02;1235.02
5017;404502.44;5122318.65;1235.04
378;404501.39;5122317.69;1235.36
5480;404499.89;5122316.64;1235.36
6741;404496.39;5122315.72;1215.44
377;404493.62;5122316.49;1215.33
6287;404490.22;5122314.0;1214.37
5368;404489.53;5122312.36;1214.06
1389;404488.11;5122312.24;1213.83
1700;404481.83;5122308.55;1212.02
5411;404480.01;5122308.42;1204.98
1212;404478.06;5122304.37;1207.68
7344;404477.41;5122302.82;1208.41
7561;404472.04;5122300.16;1192.96
1313;404468.7;5122298.76;1194.24
1664;404463.67;5122297.93;1185.6
1031;404460.54;5122295.83;1183.87
4324;404457.46;5122293.37;1184.18
2341;404460.94;5122294.05;1184.83
4155;404457.3;5122296.0;1184.71
6720;404459.92;5122292.44;1182.16
1569;404462.35;5122288.46;1177.5
88;404460.31;5122284.41;1176.01
110;404461.58;5122284.23;1175.72
3883;404460.45;5122283.71;1172.38
781;404459.78;5122281.57;1171.74
3685;404457.76;5122281.32;1171.86
4018;404454.29;5122277.93;1169.02
5892;404453.48;5122275.93;1167.1
5463;404455.05;5122271.94;1166.47
5127;404454.89;5122270.27;1165.75
2970;404454.64;5122266.76;1163.36
1910;404455.1;5122265.44;1162.54
298;404452.32;5122263.89;1159.5
3763;404446.96;5122261.98;1153.84
6468;404448.03;5122259.26;1149.62
6383;404454.36;5122257.37;1140.9
5857;404455.47;5122258.07;1133.15
2936;404456.33;5122257.9;1128.49
4094;404458.32;5122258.84;1122.47
1001;404458.18;5122260.67;1113.77
5350;404456.31;5122259.09;1114.02
1158;404453.78;5122264.23;1113.39
2572;404450.62;5122263.67;1111.54
2367;404454.35;5122295.55;1183.17
4490;404449.64;5122294.7;1180.46
5881;404442.27;5122294.2;1173.81
7307;404444.66;5122291.28;1173.35
5623;404441.44;5122285.48;1166.28
5032;404439.15;5122287.28;1164.67
7298;404505.94;5122398.98;1266.3
6791;404502.32;5122400.24;1269.16
5454;404503.09;5122406.63;1265.82
1648;404499.56;5122391.28;1261.97
121;404496.73;5122396.42;1262.8
6184;404502.84;5122409.05;1266.46
7408;404502.39;5122412.18;1266.74
6776;404501.38;5122415.32;1266.36
7346;404497.49;5122428.03;1267.1
724;404495.06;5122431.27;1269.15
5195;404489.69;5122437.66;1268.98
5866;404378.92;5122429.19;1402.0
4960;404344.73;5122546.05;1470.31
575;404343.11;5122546.48;1471.24
1472;404342.28;5122545.79;1471.86
6881;404331.98;5122578.17;1492.33
3203;404332.98;5122586.33;1492.48
3545;404334.48;5122600.58;1492.48
4481;404333.96;5122604.86;1494.05
4590;404333.96;5122604.86;1492.6
3915;404335.86;5122605.67;1494.66
672;404337.84;5122606.72;1493.66
4874;404338.71;5122609.12;1494.11
5146;404338.14;5122613.82;1492.39
5075;404335.94;5122615.36;1491.87
3009;404335.94;5122615.36;1474.57
3156;404336.92;5122615.75;1473.58
3202;404339.87;5122616.27;1473.58
5022;404344.98;5122611.16;1470.52
2971;404351.73;5122602.53;1471.86
3154;404356.41;5122604.42;1471.86
3999;404357.06;5122609.74;1471.39
5038;404363.38;5122606.52;1468.95
889;404364.33;5122608.17;1469.88
5887;404327.01;5122569.26;1492.35
5151;404316.02;5122547.43;1513.76
6388;404303.82;5122544.86;1514.63
2386;404269.64;5122517.82;1510.06
882;404261.53;5122515.34;1512.01
3546;404260.46;5122510.32;1508.81
4526;404256.06;5122503.53;1508.52
4543;404257.69;5122499.48;1506.0
3927;404255.02;5122496.7;1505.39
5447;404253.39;5122492.87;1502.36
6071;404253.03;5122491.33;1501.07
3910;404253.03;5122491.33;1473.47
1654;404250.9;5122494.38;1473.53
2471;404244.93;5122496.49;1469.81
892;404241.81;5122498.88;1467.4
5840;404232.79;5122498.82;1464.59
6465;404233.91;5122494.68;1460.31
5450;404230.66;5122492.19;1454.25
5918;404238.12;5122480.7;1452.81
6575;404228.09;5122498.0;1453.08
3467;404225.66;5122498.36;1453.44
4468;404223.87;5122503.58;1454.36
1517;404221.34;5122508.81;1454.41
255;404218.95;5122516.71;1454.79
6537;404218.14;5122518.96;1454.13
3004;404209.34;5122527.62;1454.74
4424;404203.95;5122527.76;1454.6
1776;404202.75;5122515.76;1456.12
7468;404202.57;5122510.68;1451.38
5934;404201.07;5122508.83;1449.16
2687;404201.06;5122507.84;1449.14
788;404201.24;5122505.58;1449.62
7338;404202.0;5122506.53;1449.0
7146;404199.96;5122506.89;1445.11
5639;404198.2;5122510.08;1441.33
1261;404196.95;5122509.97;1437.89
2500;404195.24;5122508.54;1425.26
699;404195.61;5122505.07;1423.63
6264;404200.97;5122503.37;1448.06
3811;404198.87;5122500.68;1446.61
3893;404195.1;5122498.59;1440.45
3528;404195.1;5122498.59;1431.26
661;404195.1;5122498.59;1421.96
4376;404204.0;5122524.62;1456.1
7157;404202.15;5122523.14;1455.01
1814;404202.38;5122516.7;1455.53
1847;404200.3;5122510.36;1453.15
5460;404192.55;5122516.98;1452.22
3339;404191.09;5122509.56;1452.43
139;404192.36;5122501.59;1454.26
3673;404191.41;5122496.74;1454.65
2375;404191.28;5122489.54;1451.64
5512;404191.62;5122488.07;1451.79
6455;404185.26;5122482.82;1434.01
3824;404184.45;5122452.25;1441.27
2778;404176.56;5122452.04;1438.88
5036;404184.45;5122452.25;1438.77
4834;404174.49;5122451.45;1433.55
808;404174.49;5122451.45;1429.91
6829;404192.42;5122364.3;1437.96
6961;404188.06;5122368.51;1439.36
5651;404184.29;5122369.96;1438.12
1938;404187.74;5122370.69;1438.43
4359;404192.0;5122373.15;1438.26
4887;404195.43;5122375.06;1441.22
3012;404197.08;5122374.55;1440.89
4585;404200.01;5122378.32;1445.51
6794;404189.27;5122386.72;1451.87
887;404189.59;5122384.7;1450.64
5384;404181.54;5122370.74;1444.45
3536;404177.56;5122370.85;1454.54
1291;404180.7;5122369.45;1443.8
1785;404180.7;5122369.45;1434.55
66;404171.22;5122364.62;1434.18
4437;404172.37;5122361.78;1431.86
701;404169.11;5122361.2;1426.96
4602;404167.18;5122355.27;1423.78
5309;404170.03;5122346.91;1426.49
1114;404161.0;5122355.76;1427.09
5267;404167.6;5122349.06;1426.6
6273;404167.87;5122345.1;1426.11
1611;404169.35;5122343.31;1426.91
390;404166.43;5122343.65;1425.96
5007;404164.31;5122343.47;1424.47
4685;404161.58;5122344.05;1424.23
7071;404159.29;5122340.36;1422.9
4662;404156.44;5122341.12;1422.08
3656;404158.84;5122336.86;1421.41
4690;404156.58;5122342.16;1423.32
281;404156.31;5122341.85;1423.18
2983;404156.28;5122342.0;1423.64
627;404158.8;5122343.45;1421.96
4148;404158.84;5122336.86;1412.91
3250;404154.98;5122339.09;1412.36
6851;404154.98;5122339.09;1402.66
6092;404155.75;5122337.8;1403.04
1661;404155.75;5122337.8;1398.14
4789;404154.04;5122338.49;1395.18
5334;404154.04;5122338.49;1365.75
6042;404154.23;5122337.77;1365.64
2040;404150.31;5122340.51;1363.61
4003;404150.31;5122340.51;1356.02
4797;404151.26;5122339.04;1355.17
6363;404150.3;5122336.88;1354.66
2965;404150.77;5122336.5;1352.91
4937;404150.37;5122337.12;1351.52
4579;404150.15;5122336.67;1347.43
5947;404147.36;5122329.41;1348.52
1550;404147.78;5122328.81;1347.47
1655;404150.3;5122321.5;1344.35
4939;404154.11;5122319.89;1343.16
6721;404152.29;5122319.79;1343.0
4779;404151.94;5122315.79;1342.93
5313;404147.91;5122312.86;1346.68
2737;404146.7;5122312.97;1348.18
2888;404164.54;5122342.97;1428.85
4102;404160.46;5122344.04;1429.13
753;404158.85;5122344.18;1428.96
522;404156.85;5122344.48;1428.37
1949;404153.17;5122341.79;1427.2
4847;404152.54;5122340.65;1424.45
2913;404149.98;5122340.32;1423.13
1864;404150.14;5122340.43;1429.17
1043;404149.39;5122340.56;1428.31
6558;404142.43;5122338.47;1434.01
7139;404144.65;5122338.08;1435.71
3514;404147.99;5122348.2;1435.38
5285;404144.65;5122338.08;1427.6
3226;404147.94;5122330.33;1428.19
1850;404148.98;5122327.13;1427.71
285;404147.32;5122324.77;1427.81
385;404142.84;5122318.6;1412.17
1716;404143.91;5122314.58;1413.45
6166;404143.12;5122311.16;1414.13
2757;404142.42;5122303.11;1415.99
1323;404146.49;5122298.75;1418.65
4990;404150.46;5122299.44;1415.27
3283;404141.85;5122296.87;1417.03
6527;404154.33;5122299.24;1414.01
2586;404156.89;5122307.13;1414.3
2938;404159.82;5122307.39;1414.2
4852;404161.08;5122309.06;1415.55
3417;404164.58;5122312.21;1411.46
5063;404168.33;5122311.34;1409.66
3180;404168.09;5122313.08;1408.43
6125;404172.81;5122309.97;1409.25
3414;404166.74;5122313.95;1405.77
3174;404166.06;5122310.43;1404.6
2418;404164.81;5122308.71;1403.06
1544;404162.32;5122303.6;1400.41
5604;404163.34;5122304.26;1400.17
2024;404161.56;5122302.41;1399.34
4330;404161.56;5122302.41;1395.79
2840;404155.48;5122300.55;1395.34
3445;404151.22;5122303.88;1381.26
3104;404149.11;5122307.85;1380.38
6155;404144.19;5122308.63;1373.27
5432;404141.95;5122308.11;1373.64
5532;404141.95;5122308.11;1368.7
5171;404141.95;5122308.11;1362.5
6688;404140.38;5122306.89;1362.64
4300;404140.81;5122295.33;1414.97
5853;404137.07;5122287.32;1413.57
6416;404134.77;5122280.25;1411.71
5609;404127.67;5122273.89;1410.67
259;404134.77;5122280.25;1409.17
1068;404133.9;5122277.19;1407.18
2789;404133.9;5122277.19;1398.42
7305;404147.83;5122352.72;1432.28
4322;404143.37;5122351.1;1429.08
1338;404155.92;5122353.71;1437.99
2448;404143.37;5122351.1;1420.76
1735;404287.4;5122428.82;1527.57
6546;404289.48;5122426.94;1526.67
1271;404288.05;5122427.8;1526.56
4542;404283.72;5122421.21;1525.55
7352;404281.91;5122419.02;1524.95
14;404278.89;5122414.09;1524.51
872;404276.3;5122411.12;1524.04
1365;404275.42;5122408.84;1523.9
3568;404272.62;5122405.36;1522.74
1448;404274.09;5122399.95;1521.58
219;404273.75;5122400.3;1521.19
2075;404271.26;5122394.87;1520.47
4830;404267.79;5122395.67;1516.83
4781;404268.12;5122392.44;1517.27
442;404271.24;5122386.71;1516.5
5753;404273.55;5122385.81;1516.69
7015;404273.98;5122382.33;1516.56
5983;404273.61;5122379.67;1516.93
226;404271.86;5122377.83;1515.55
1759;404270.14;5122375.35;1515.48
3916;404267.75;5122372.62;1514.72
2162;404264.79;5122369.27;1513.22
4884;404262.96;5122368.21;1513.53
7386;404261.59;5122365.39;1511.88
6548;404255.97;5122359.04;1512.43
7294;404254.59;5122359.72;1513.14
5372;404253.95;5122358.02;1513.33
952;404276.89;5122400.28;1525.1
1070;404278.37;5122397.77;1523.4
3582;404276.77;5122397.33;1522.6
182;404278.04;5122396.63;1522.86
4606;404275.59;5122395.35;1516.67
6530;404273.34;5122399.84;1517.71
3926;404269.3;5122402.5;1513.99
1853;404267.69;5122402.51;1511.54
1336;404266.7;5122401.72;1510.46
3041;404265.79;5122401.81;1508.78
1115;404264.66;5122400.1;1505.29
5825;404264.95;5122405.07;1505.07
5105;404279.45;5122393.12;1521.84
6357;404284.01;5122389.78;1522.95
4982;404281.85;5122434.02;1513.97
5617;404282.08;5122437.34;1513.68
153;404284.73;5122442.54;1516.15
3880;404289.71;5122447.18;1516.51
82;404290.35;5122450.85;1515.08
5436;404289.04;5122456.52;1514.36
7153;404289.04;5122456.52;1518.52
2817;404284.26;5122458.36;1518.26
2163;404280.56;5122464.76;1519.03
4042;404274.15;5122462.79;1519.03
2604;404271.83;5122469.92;1519.16
6272;404271.22;5122475.77;1519.06
4039;404271.35;5122483.53;1517.55
1782;404268.66;5122490.19;1517.3
2387;404267.62;5122488.71;1516.95
968;404264.37;5122493.69;1519.98
4776;404267.23;5122453.33;1519.96
5874;404266.92;5122463.12;1523.57
3720;404269.29;5122465.18;1525.01
548;404269.42;5122469.32;1525.03
7018;404271.39;5122472.89;1525.05
6932;404271.87;5122478.9;1525.08
2896;404265.64;5122488.37;1529.63
2808;404255.64;5122504.22;1527.08
2201;404261.54;5122506.49;1542.32
2342;404257.7;5122511.8;1545.09
7254;404254.03;5122512.79;1549.49
5091;404256.76;5122518.23;1551.75
1337;404255.82;5122529.04;1551.85
2852;404255.89;5122533.87;1553.62
6991;404252.78;5122536.92;1555.92
6178;404248.23;5122541.38;1563.24
2455;404247.11;5122544.32;1565.68
67;404250.92;5122554.32;1565.78
3799;404246.9;5122561.26;1568.85
1028;404246.94;5122563.83;1571.25
5142;404247.12;5122570.3;1573.89
5395;404246.21;5122568.81;1575.58
5001;404246.68;5122571.55;1578.09
4226;404247.46;5122575.64;1578.11
58;404251.44;5122582.74;1577.45
4833;404253.14;5122585.28;1576.35
7380;404252.74;5122589.09;1578.23
1036;404254.75;5122596.4;1581.35
6322;404255.07;5122599.5;1581.26
786;404258.61;5122598.95;1576.7
1971;404262.69;5122596.67;1578.01
3607;404262.65;5122596.68;1582.64
3049;404263.5;5122599.07;1583.28
4434;404265.72;5122599.12;1584.31
2294;404265.37;5122593.15;1583.82
817;404265.34;5122593.17;1586.59
5689;404265.45;5122595.41;1587.16
5789;404265.41;5122595.43;1590.23
4498;404263.09;5122596.7;1589.25
782;404266.3;5122598.71;1588.52
2154;404266.13;5122601.79;1588.27
6795;404271.44;5122600.27;1588.3
4240;404276.49;5122602.26;1585.37
2903;404272.35;5122607.27;1586.32
2831;404275.09;5122609.68;1588.46
4724;404275.11;5122609.67;1591.15
130;404277.62;5122613.74;1594.06
7555;404280.11;5122617.21;1597.44
2630;404283.51;5122620.01;1599.43
6338;404285.34;5122620.12;1599.95
5897;404286.53;5122621.17;1602.01
5316;404286.08;5122619.39;1604.58
5406;404281.47;5122614.48;1607.36
4296;404274.68;5122615.47;1610.03
4725;404257.83;5122617.8;1609.87
6768;404281.35;5122639.68;1615.48
7210;404263.53;5122634.89;1618.68
4865;404264.9;5122638.34;1620.02
6665;404263.17;5122641.33;1619.73
2884;404260.95;5122641.41;1618.14
2619;404260.76;5122639.55;1615.46
6995;404258.32;5122641.46;1613.58
5654;404258.77;5122643.4;1610.5
4195;404256.27;5122646.97;1605.87
2659;404249.98;5122647.91;1603.64
5050;404252.64;5122651.85;1599.93
7034;404252.67;5122651.97;1599.9
794;404256.49;5122648.55;1605.71
4207;404252.56;5122651.41;1605.27
460;404252.39;5122646.15;1602.93
1529;404249.91;5122647.95;1596.48
524;404248.49;5122649.71;1596.62
227;404248.61;5122646.96;1595.71
5170;404249.42;5122649.28;1595.88
4632;404249.29;5122646.89;1596.25
1018;404250.63;5122645.4;1596.2
1254;404249.9;5122644.73;1595.66
1262;404252.11;5122643.1;1596.61
183;404251.35;5122639.78;1597.92
5052;404253.68;5122635.5;1599.53
4582;404252.2;5122633.21;1599.91
3277;404258.08;5122646.44;1604.92
2426;404258.83;5122643.29;1603.7
5353;404260.43;5122638.59;1605.49
4448;404260.69;5122635.91;1608.14
458;404263.17;5122635.46;1609.51
7001;404241.1;5122686.3;1645.96
6920;404238.44;5122691.3;1667.06
816;404242.47;5122684.31;1646.32
2282;404241.92;5122694.43;1668.55
3444;404240.07;5122698.78;1671.19
6839;404238.74;5122700.73;1678.82
4323;404239.09;5122700.97;1672.56
719;404240.65;5122701.63;1683.81
5605;404246.17;5122703.46;1690.49
5154;404246.26;5122706.53;1690.64
3380;404249.35;5122707.99;1693.65
4220;404255.79;5122717.06;1699.54
2489;404255.81;5122717.7;1719.52
6585;404255.82;5122717.83;1728.0
6448;404257.02;5122717.87;1729.54
371;404255.82;5122717.83;1707.06
7421;404255.67;5122721.49;1737.1
2019;404259.84;5122720.49;1731.76
2548;404259.84;5122720.49;1744.9
6459;404261.06;5122721.38;1747.51
1579;404260.39;5122722.58;1750.47
166;404260.69;5122723.78;1750.71
5274;404262.25;5122723.89;1750.87
7442;404262.82;5122724.2;1750.87
1431;404264.78;5122725.12;1751.22
5916;404267.86;5122727.52;1751.22
2511;404267.86;5122727.52;1764.42
677;404267.86;5122727.52;1734.42
238;404266.39;5122729.87;1765.26
5833;404266.65;5122725.34;1730.09
5860;404265.96;5122724.23;1730.09
1002;404265.96;5122724.23;1722.73
7217;404261.61;5122720.57;1722.92
3248;404261.61;5122720.57;1719.82
1181;404264.6;5122720.04;1719.82
5191;404264.6;5122720.04;1703.77
4985;404266.0;5122732.33;1765.44
3053;404266.0;5122732.33;1769.04
7057;404265.85;5122735.21;1770.64
5089;404263.48;5122737.51;1769.87
6344;404263.71;5122740.85;1769.04
6887;404261.93;5122741.5;1767.56
1106;404261.93;5122741.5;1774.71
2007;404259.41;5122742.42;1774.38
1540;404259.02;5122744.24;1773.59
546;404258.63;5122746.44;1774.54
4693;404257.34;5122747.73;1774.86
6642;404255.29;5122751.01;1774.39
5093;404254.62;5122752.44;1774.36
7433;404252.11;5122755.78;1775.1
1284;404252.11;5122755.78;1786.06
2079;404252.65;5122710.69;1698.98
1881;404248.35;5122708.21;1695.87
1136;404244.99;5122704.48;1692.23
3402;404253.05;5122726.21;1736.61
3626;404253.05;5122726.21;1725.61
1167;404249.86;5122731.75;1736.04
5546;404255.88;5122717.99;1716.92
6895;404250.85;5122733.26;1736.03
4924;404248.84;5122735.47;1736.02
7080;404237.87;5122749.75;1735.27
1256;404223.52;5122753.52;1727.05
4421;404219.6;5122752.96;1727.1
144;404216.71;5122729.51;1703.68
2998;404219.6;5122752.96;1728.1
7249;404233.14;5122747.51;1735.06
1512;404231.24;5122743.16;1734.07
347;404237.63;5122741.37;1749.54
3809;404236.59;5122747.91;1749.35
4230;404237.26;5122752.79;1763.49
6075;404235.44;5122755.75;1766.26
1899;404233.28;5122757.98;1766.75
4747;404221.3;5122726.58;1701.97
3695;404226.36;5122728.27;1704.31
3702;404230.77;5122727.1;1704.8
2346;404232.74;5122723.39;1702.88
768;404232.95;5122720.42;1698.18
3184;404230.45;5122718.81;1696.44
3522;404231.71;5122717.45;1695.07
6068;404231.91;5122715.85;1694.3
1587;404232.24;5122713.25;1684.16
2308;404230.96;5122704.51;1669.55
4786;404248.09;5122681.45;1643.84
6405;404248.7;5122680.59;1643.73
4245;404247.23;5122678.6;1640.86
1388;404247.36;5122671.15;1623.77
2656;404248.36;5122666.43;1616.27
3461;404252.08;5122657.63;1610.89
1132;404246.16;5122649.35;1609.78
6567;404249.31;5122645.94;1609.14
6239;404255.54;5122647.01;1600.75
4038;404257.05;5122644.82;1599.81
963;404257.32;5122640.72;1598.18
2676;404256.82;5122638.89;1577.76
6716;404263.85;5122629.74;1577.58
5366;404261.81;5122624.56;1578.61
3451;404265.77;5122622.23;1576.44
6102;404259.38;5122628.5;1589.44
2190;404264.68;5122616.07;1569.3
3172;404264.0;5122612.94;1564.1
1974;404267.13;5122609.93;1559.63
151;404272.76;5122613.29;1562.9
5713;404275.52;5122614.16;1562.4
3364;404275.36;5122609.69;1559.69
6964;404277.16;5122602.99;1557.52
6214;404281.36;5122598.06;1557.08
6392;404285.19;5122594.51;1556.26
905;404291.19;5122593.01;1558.18
5264;404291.54;5122587.97;1556.47
6577;404295.1;5122584.01;1556.5
2117;404260.68;5122630.84;1590.42
6442;404268.96;5122617.55;1586.68
6135;404270.79;5122616.01;1583.59
2822;404270.31;5122612.19;1584.85
2337;404273.3;5122609.27;1586.17
1703;404287.29;5122633.94;1614.76
5453;404287.96;5122650.09;1621.75
671;404294.81;5122652.18;1630.01
3432;404306.27;5122600.8;1570.52
1510;404309.22;5122601.06;1571.04
2252;404311.43;5122601.02;1568.2
814;404307.51;5122601.57;1566.52
7424;404311.31;5122604.65;1569.32
4176;404305.43;5122603.32;1567.2
6659;404305.62;5122605.51;1567.32
5085;404303.62;5122606.81;1567.48
1383;404316.34;5122609.87;1570.2
5173;404307.24;5122613.18;1576.02
6761;404323.22;5122611.71;1565.4
3073;404300.46;5122605.1;1569.69
239;404307.84;5122617.5;1578.86
7250;404310.75;5122626.98;1572.66
5474;404327.03;5122613.65;1567.57
2012;404327.93;5122615.28;1571.56
5200;404328.53;5122626.83;1579.08
1442;404331.19;5122628.98;1589.01
5665;404331.9;5122632.04;1592.37
3319;404331.9;5122632.04;1598.37
7435;404314.02;5122650.2;1631.44
5477;404315.95;5122649.69;1632.54
1380;404317.91;5122650.86;1633.71
478;404320.93;5122650.76;1633.51
3629;404321.51;5122652.24;1632.97
6053;404322.32;5122654.46;1632.64
3163;404324.88;5122658.54;1633.33
5996;404327.2;5122662.1;1634.17
4645;404326.63;5122663.34;1633.86
896;404327.9;5122664.7;1634.69
6712;404324.86;5122666.13;1634.17
1154;404322.32;5122667.72;1634.07
1051;404322.02;5122669.86;1634.99
5681;404324.72;5122671.12;1637.16
7350;404322.95;5122672.03;1636.92
4329;404324.3;5122673.47;1637.49
6466;404326.49;5122672.54;1636.91
256;404328.54;5122672.72;1638.83
5988;404331.45;5122672.1;1639.52
720;404335.27;5122672.63;1639.67
62;404332.82;5122675.78;1641.63
3456;404330.03;5122679.79;1643.92
5090;404329.61;5122681.98;1644.61
3068;404327.9;5122683.59;1644.95
2665;404325.22;5122687.57;1647.1
6571;404327.4;5122688.23;1647.98
5369;404327.53;5122690.69;1648.15
5631;404326.02;5122693.01;1647.57
1748;404323.14;5122694.88;1648.19
3121;404323.3;5122699.18;1648.35
2551;404320.04;5122701.83;1649.02
6872;404318.05;5122697.1;1649.57
685;404316.67;5122696.54;1653.49
6031;404314.58;5122698.06;1654.05
5314;404313.44;5122702.06;1653.84
2039;404310.23;5122705.06;1654.95
57;404307.6;5122706.9;1654.15
5078;404304.19;5122708.28;1654.36
2008;404301.71;5122712.11;1654.85
6331;404300.39;5122715.78;1655.9
2648;404295.27;5122726.88;1653.36
6058;404295.61;5122730.66;1657.18
3110;404295.61;5122730.66;1659.84
1208;404297.9;5122731.99;1659.99
5486;404298.22;5122735.48;1660.06
3518;404301.47;5122736.3;1659.23
2684;404303.23;5122737.76;1661.15
5021;404308.81;5122739.9;1660.86
1723;404308.83;5122739.9;1678.87
2718;404311.98;5122738.69;1681.24
1859;404315.52;5122735.52;1681.41
2328;404316.04;5122733.1;1681.85
6702;404318.2;5122731.23;1680.65
4661;404318.28;5122733.22;1680.83
6124;404321.57;5122734.83;1680.84
3996;404326.84;5122735.38;1681.13
5863;404328.93;5122735.56;1679.12
1467;404328.93;5122735.56;1681.74
1519;404332.23;5122735.62;1682.63
6368;404335.01;5122735.37;1682.88
3828;404335.89;5122738.64;1683.24
5215;404337.34;5122739.62;1684.25
4462;404338.0;5122742.69;1684.87
6428;404339.87;5122749.6;1682.98
4246;404342.01;5122749.22;1687.62
6149;404341.56;5122754.43;1692.87
7231;404341.28;5122757.77;1692.35
4695;404340.02;5122761.23;1697.09
6230;404340.54;5122766.96;1697.11
848;404339.64;5122772.09;1692.75
1046;404318.31;5122647.64;1684.41
652;404322.1;5122644.35;1684.59
1628;404306.78;5122656.67;1675.41
5718;404307.75;5122653.69;1673.53
6660;404305.25;5122651.59;1672.14
609;404300.67;5122651.83;1671.58
4;404302.11;5122648.43;1671.19
915;404299.69;5122644.84;1670.51
3026;404295.7;5122644.49;1669.87
4835;404293.27;5122641.6;1666.1
5707;404292.13;5122641.97;1666.16
6208;404292.13;5122641.97;1636.06
2545;404339.33;5122786.55;1711.47
3439;404338.09;5122790.53;1711.98
3846;404336.89;5122790.57;1711.46
4106;404333.68;5122794.85;1711.33
7118;404330.19;5122797.35;1712.47
1538;404337.98;5122800.63;1746.92
6483;404341.15;5122796.82;1745.87
2305;404343.69;5122794.27;1742.33
4999;404345.36;5122796.14;1751.99
6755;404349.46;5122795.45;1753.82
759;404351.2;5122794.02;1753.55
7198;404354.69;5122793.5;1753.85
5547;404359.08;5122785.23;1751.38
6752;404365.61;5122784.92;1751.26
5635;404369.18;5122788.06;1751.67
237;404369.13;5122792.04;1753.38
6951;404372.02;5122792.45;1753.53
5562;404375.57;5122791.27;1752.67
5768;404380.66;5122793.34;1752.85
2084;404379.33;5122795.55;1752.39
5771;404383.68;5122796.19;1751.85
4124;404385.49;5122796.75;1751.19
1878;404388.6;5122797.04;1751.3
3974;404387.81;5122798.81;1751.86
3420;404386.6;5122804.6;1752.28
5507;404390.78;5122805.66;1752.42
1553;404398.29;5122804.9;1751.23
6718;404403.74;5122802.85;1749.57
3991;404407.11;5122804.03;1749.0
2869;404412.13;5122801.63;1744.22
416;404416.67;5122799.75;1746.8
4927;404415.13;5122802.72;1738.22
1950;404418.07;5122800.7;1745.74
6600;404423.0;5122801.59;1746.0
7083;404427.87;5122803.38;1746.44
7478;404432.45;5122802.69;1746.2
4455;404433.04;5122801.1;1743.91
901;404437.4;5122801.05;1742.66
7394;404444.19;5122798.57;1741.77
6908;404435.75;5122796.17;1708.5
1944;404445.49;5122804.17;1746.43
2948;404443.6;5122809.35;1747.9
2772;404445.47;5122810.51;1747.23
3925;404442.85;5122809.81;1744.43
6301;404451.34;5122809.51;1743.98
3549;404447.39;5122807.41;1737.35
261;404447.39;5122807.41;1708.35
6479;404440.13;5122806.52;1710.7
1829;404429.01;5122796.88;1705.05
3280;404446.46;5122803.21;1712.45
4697;404447.91;5122803.96;1711.3
691;404454.02;5122796.07;1709.91
3200;404458.11;5122793.17;1710.69
3229;404467.41;5122791.21;1711.5
4165;404467.42;5122791.19;1711.5
4726;404479.07;5122786.95;1709.55
3719;404488.78;5122788.3;1707.46
6805;404494.2;5122785.71;1708.29
1206;404498.72;5122783.56;1708.98
792;404499.45;5122771.66;1710.81
7459;404496.68;5122764.9;1708.87
4476;404505.58;5122745.84;1707.75
7409;404506.4;5122746.38;1704.22
933;404508.55;5122741.88;1702.8
2477;404506.72;5122746.58;1699.73
7242;404511.39;5122748.4;1695.02
6844;404514.12;5122746.66;1695.93
4558;404520.06;5122740.01;1695.69
1882;404524.24;5122736.46;1694.87
116;404531.66;5122736.48;1696.02
3394;404535.22;5122735.29;1696.14
1103;404534.01;5122734.57;1692.82
3884;404536.99;5122730.87;1693.31
1371;404541.52;5122729.17;1692.97
695;404545.36;5122728.17;1694.48
5056;404548.27;5122725.95;1693.23
3858;404552.3;5122724.44;1694.37
1480;404559.33;5122716.54;1694.35
1211;404566.01;5122711.05;1693.75
658;404566.86;5122706.34;1692.82
5340;404579.74;5122697.36;1694.13
520;404583.84;5122694.44;1694.74
6876;404591.0;5122690.55;1697.03
1357;404596.93;5122686.91;1696.78
5627;404598.95;5122682.59;1695.34
6482;404604.94;5122680.57;1697.37
2700;404612.66;5122681.81;1699.15
5602;404614.29;5122683.34;1699.55
3452;404630.52;5122680.05;1702.67
2921;404633.26;5122681.29;1703.76
7268;404640.99;5122677.07;1692.44
4211;404634.52;5122680.82;1685.17
909;404644.16;5122671.9;1692.43
6206;404682.25;5122703.86;1710.34
246;404632.11;5122681.85;1663.77
1650;404639.69;5122670.2;1659.67
6645;404639.85;5122666.03;1656.48
2517;404638.59;5122665.03;1654.79
5730;404634.76;5122665.38;1654.66
6690;404629.69;5122663.21;1641.73
2850;404628.94;5122660.45;1631.35
1196;404626.93;5122660.53;1627.5
5424;404624.0;5122658.91;1618.05
7444;404618.65;5122659.69;1615.26
5652;404614.54;5122659.97;1615.94
3901;404613.08;5122659.85;1610.67
7443;404604.13;5122663.21;1608.71
4107;404603.78;5122663.37;1607.09
4382;404604.9;5122665.32;1606.39
4911;404605.65;5122667.43;1605.83
973;404602.5;5122672.45;1605.46
6710;404600.94;5122673.64;1604.2
7059;404599.72;5122674.04;1604.48
2148;404598.75;5122674.43;1603.63
3939;404644.37;5122665.07;1691.57
4659;404645.23;5122664.4;1690.23
283;404655.92;5122667.18;1692.91
6018;404645.77;5122658.72;1641.61
4699;404642.76;5122657.26;1642.68
3301;404667.11;5122671.77;1697.26
31;404676.53;5122681.06;1701.61
2238;404677.95;5122676.68;1701.01
7218;404679.4;5122674.18;1700.16
2681;404678.05;5122674.1;1700.24
3789;404680.12;5122671.0;1698.95
2085;404677.82;5122675.31;1700.26
131;404677.13;5122674.65;1699.96
5118;404675.47;5122674.63;1699.68
4556;404674.44;5122673.6;1699.77
2046;404683.43;5122710.26;1712.73
5174;404668.87;5122735.23;1712.62
2583;404660.51;5122741.62;1711.1
1304;404655.52;5122754.76;1711.85
1543;404674.04;5122721.98;1710.26
984;404650.93;5122770.28;1711.67
5872;404652.21;5122772.1;1711.9
1384;404646.96;5122768.86;1712.31
1732;404653.57;5122772.6;1713.0
1137;404655.19;5122774.23;1713.61
6657;404656.12;5122775.26;1713.95
3814;404657.08;5122771.52;1715.81
5281;404652.67;5122781.24;1717.86
4144;404656.38;5122769.91;1723.71
1623;404655.68;5122767.33;1724.74
4945;404654.97;5122766.54;1730.78
4757;404656.37;5122766.29;1736.39
1453;404655.21;5122765.21;1738.25
1813;404654.06;5122764.26;1740.68
7064;404656.38;5122766.64;1740.13
2186;404653.77;5122770.35;1742.37
5175;404655.51;5122771.9;1742.17
5869;404654.46;5122772.79;1739.45
2355;404654.71;5122772.21;1740.42
2428;404653.83;5122773.04;1750.24
214;404653.07;5122784.65;1714.05
737;404652.69;5122787.16;1713.51
1562;404651.74;5122789.03;1713.36
3793;404652.0;5122789.47;1713.15
1133;404651.05;5122789.39;1710.14
6983;404646.0;5122768.17;1707.96
6137;404644.28;5122764.38;1700.46
1020;404643.03;5122765.74;1699.95
2430;404640.54;5122765.0;1697.65
1890;404638.09;5122765.07;1695.5
4391;404631.49;5122766.21;1694.11
7505;404629.63;5122769.33;1691.74
7532;404627.87;5122771.95;1689.66
1927;404625.72;5122772.77;1692.7
6351;404623.49;5122776.88;1691.82
2615;404621.86;5122773.83;1682.97
526;404619.92;5122774.25;1672.22
6109;404622.06;5122780.04;1674.95
7504;404642.25;5122765.15;1679.14
5543;404637.35;5122767.65;1679.14
6658;404622.6;5122772.34;1676.26
5808;404648.7;5122761.03;1678.98
7391;404637.26;5122762.54;1678.15
5940;404637.26;5122762.54;1692.65
3646;404638.07;5122760.44;1693.9
234;404635.17;5122756.45;1689.91
181;404634.63;5122748.67;1678.35
3352;404605.76;5122782.49;1674.68
7491;404605.8;5122782.46;1673.71
3454;404608.71;5122779.94;1674.6
109;404601.64;5122794.7;1676.73
4348;404603.8;5122774.49;1649.01
1245;404600.55;5122778.1;1647.05
6345;404600.55;5122778.1;1621.23
6046;404593.27;5122779.91;1622.02
2283;404589.07;5122780.06;1616.01
7273;404589.07;5122780.06;1605.14
6495;404589.07;5122780.06;1574.51
1600;404589.07;5122780.06;1551.36
2522;404589.07;5122780.06;1529.58
6271;404589.02;5122777.36;1528.91
3481;404591.74;5122776.63;1527.72
3113;404592.94;5122776.44;1526.7
5339;404596.01;5122775.32;1525.7
4131;404598.06;5122773.67;1525.14
3173;404597.51;5122771.12;1524.29
6161;404597.55;5122769.0;1523.43
747;404596.9;5122766.2;1522.82
1427;404595.23;5122765.81;1524.94
790;404590.7;5122767.83;1516.68
7220;404588.22;5122765.08;1513.58
391;404585.17;5122759.56;1512.81
6014;404576.58;5122760.17;1510.5
6478;404576.58;5122760.17;1485.76
4500;404579.73;5122767.25;1491.6
7021;404578.62;5122764.98;1488.0
207;404580.65;5122770.01;1492.55
5969;404579.63;5122763.22;1487.18
7026;404584.17;5122772.76;1494.35
5041;404584.88;5122777.8;1489.06
5792;404583.09;5122780.89;1486.37
1222;404576.48;5122757.74;1478.13
6566;404576.48;5122757.74;1442.43
6621;404574.52;5122761.42;1440.03
2563;404574.52;5122761.42;1438.42
2481;404573.91;5122763.42;1433.24
4677;404573.91;5122763.42;1431.14
7485;404575.16;5122763.42;1431.14
1281;404575.16;5122763.42;1392.34
124;404579.82;5122749.04;1385.93
3989;404579.82;5122749.04;1371.16
1835;404579.82;5122749.04;1364.54
5321;404571.54;5122741.83;1371.16
2768;404570.75;5122743.2;1369.2
2647;404570.75;5122743.2;1359.52
1406;404571.58;5122737.29;1361.58
7393;404577.07;5122738.46;1354.88
4008;404591.63;5122792.79;1674.95
462;404590.26;5122814.5;1680.66
299;404592.41;5122821.53;1678.55
286;404592.1;5122820.89;1679.99
1411;404594.72;5122823.68;1677.58
6332;404594.72;5122823.68;1649.43
6397;404590.86;5122820.88;1646.22
5591;404588.29;5122821.61;1644.97
406;404585.82;5122833.22;1673.77
5566;404586.91;5122827.62;1668.64
1556;404586.47;5122827.91;1666.53
1575;404584.69;5122826.96;1665.84
1823;404584.69;5122826.96;1654.09
3523;404581.18;5122824.32;1654.17
3114;404581.18;5122824.32;1638.21
2629;404581.18;5122824.32;1590.01
4831;404578.27;5122821.87;1586.46
6762;404580.59;5122809.94;1590.64
2785;404579.08;5122807.96;1590.95
1531;404578.62;5122807.3;1589.43
19;404577.88;5122805.77;1584.77
3948;404576.97;5122805.44;1579.79
6359;404574.42;5122803.79;1571.45
6873;404571.73;5122802.17;1569.56
2245;404570.31;5122802.98;1564.54
1610;404570.27;5122802.43;1553.95
5479;404570.27;5122802.43;1499.35
6613;404567.68;5122801.54;1500.57
4701;404560.49;5122802.81;1499.55
3368;404559.45;5122805.12;1499.68
833;404557.92;5122806.71;1497.69
2170;404554.26;5122807.76;1495.58
2739;404553.43;5122806.37;1495.87
3502;404548.62;5122807.75;1496.4
900;404543.6;5122811.68;1492.09
5694;404541.67;5122811.29;1495.44
1349;404541.04;5122813.81;1489.43
1378;404541.04;5122813.81;1455.33
1951;404534.1;5122811.77;1458.25
2453;404533.94;5122807.12;1455.57
4850;404537.99;5122804.59;1456.67
5600;404538.27;5122800.58;1455.89
1139;404536.84;5122802.6;1457.2
6535;404539.09;5122799.59;1455.75
4404;404539.09;5122799.59;1457.35
6604;404542.8;5122797.71;1455.59
4626;404544.01;5122795.24;1456.64
1795;404545.89;5122794.47;1457.31
6380;404545.78;5122792.33;1457.49
7426;404552.03;5122786.9;1458.51
4452;404554.28;5122785.14;1458.06
3108;404555.92;5122783.19;1456.47
1246;404556.99;5122782.76;1457.13
1462;404556.08;5122781.86;1452.01
551;404560.78;5122778.57;1415.84
7020;404563.77;5122779.96;1416.66
215;404566.66;5122774.75;1411.46
273;404571.61;5122772.33;1413.58
164;404575.77;5122768.03;1410.66
1805;404575.77;5122768.03;1382.75
6296;404571.47;5122769.51;1382.43
501;404579.32;5122766.37;1384.58
5819;404571.47;5122769.51;1350.31
3457;404571.47;5122769.51;1299.61
2207;404567.4;5122764.65;1302.7
6913;404576.57;5122771.16;1297.66
6734;404564.43;5122759.07;1301.81
1148;404564.43;5122759.07;1291.81
1321;404576.57;5122771.16;1287.66
4559;404587.18;5122769.87;1384.58
3482;404541.22;5122819.85;1495.44
7005;404539.21;5122819.27;1494.63
495;404553.59;5122819.2;1500.44
5603;404539.0;5122813.44;1485.3
3621;404539.0;5122813.44;1456.29
4367;404551.65;5122824.83;1496.12
539;404551.65;5122824.83;1491.32
1699;404585.92;5122831.41;1672.63
1719;404578.59;5122831.64;1673.83
921;404586.24;5122830.94;1694.07
6417;404582.37;5122835.02;1674.1
4287;404580.03;5122841.18;1673.54
7091;404585.69;5122836.51;1673.53
4588;404582.29;5122822.35;1683.42
683;404582.5;5122826.68;1702.04
5657;404583.27;5122829.18;1702.24
1219;404583.78;5122829.71;1706.62
2890;404582.96;5122831.07;1707.47
2441;404587.04;5122833.68;1708.62
5696;404590.52;5122831.8;1717.75
2099;404591.88;5122832.58;1718.87
225;404592.03;5122832.46;1720.69
6473;404592.78;5122833.63;1721.6
544;404591.82;5122835.01;1721.61
64;404592.81;5122832.61;1723.16
2609;404591.88;5122831.84;1722.97
4762;404590.48;5122828.68;1722.48
5283;404564.84;5122857.16;1669.08
3008;404566.0;5122859.52;1667.93
3624;404544.31;5122877.16;1656.98
4728;404545.01;5122881.1;1656.63
3878;404524.16;5122877.45;1651.61
2104;404543.83;5122882.1;1649.94
6649;404542.37;5122878.68;1643.5
3343;404536.05;5122889.2;1634.9
1935;404545.25;5122875.25;1642.04
5059;404545.25;5122875.25;1629.54
457;404531.74;5122887.49;1644.38
7112;404522.97;5122895.22;1635.35
2775;404522.98;5122895.24;1636.87
791;404528.04;5122915.55;1630.52
1273;404514.09;5122896.81;1630.74
3404;404486.58;5122897.0;1624.48
1762;404493.64;5122896.88;1623.98
4046;404471.76;5122891.01;1618.97
675;404475.26;5122896.62;1623.93
1026;404490.25;5122885.07;1600.85
7363;404495.7;5122887.04;1599.3
2380;404496.77;5122883.3;1598.4
5303;404498.52;5122881.56;1598.0
1705;404498.93;5122881.48;1599.55
2679;404501.51;5122879.99;1599.81
295;404501.51;5122879.99;1586.91
4702;404494.81;5122889.2;1591.29
1830;404491.73;5122887.2;1590.09
6832;404491.73;5122887.2;1567.34
3144;404489.3;5122884.32;1559.25
6860;404492.84;5122883.03;1558.72
3124;404490.56;5122881.19;1552.97
6602;404490.56;5122881.19;1524.82
748;404490.56;5122881.19;1508.21
604;404492.33;5122878.24;1508.21
549;404486.91;5122873.35;1515.73
6635;404492.15;5122877.36;1507.1
890;404492.15;5122877.36;1492.78
7429;404490.43;5122871.31;1517.13
3317;404489.16;5122863.28;1516.28
4915;404491.3;5122863.05;1516.93
6808;404488.19;5122864.95;1515.61
5100;404489.16;5122863.28;1496.35
2978;404492.76;5122860.41;1517.09
1981;404490.06;5122863.91;1514.57
4993;404490.76;5122865.12;1512.34
4575;404492.95;5122866.14;1509.45
2992;404492.72;5122866.42;1505.34
5360;404497.48;5122863.56;1502.39
3159;404497.48;5122863.56;1494.23
3861;404493.56;5122866.2;1493.9
4788;404493.51;5122860.98;1495.23
5208;404496.37;5122864.46;1495.46
4580;404501.9;5122861.39;1498.02
5155;404452.29;5122885.07;1602.48
4451;404447.39;5122889.89;1607.87
1110;404459.74;5122883.66;1601.86
102;404447.53;5122892.99;1597.76
734;404447.47;5122893.51;1587.52
7493;404447.4;5122893.62;1565.32
2618;404445.28;5122890.54;1533.95
2877;404439.98;5122892.68;1532.0
4807;404446.25;5122891.65;1533.75
7060;404450.36;5122894.27;1533.66
930;404449.84;5122894.47;1550.23
5943;404456.24;5122893.42;1552.68
4134;404458.62;5122887.69;1554.97
4975;404458.25;5122887.84;1568.52
5522;404458.38;5122884.68;1568.74
218;404460.58;5122883.38;1568.92
3892;404460.49;5122883.42;1566.25
436;404460.4;5122882.21;1566.37
4360;404461.86;5122879.98;1566.42
2420;404461.64;5122880.07;1576.24
635;404461.56;5122880.93;1578.65
6725;404463.1;5122877.29;1579.51
1651;404462.75;5122877.43;1592.53
4449;404463.12;5122878.71;1596.41
1441;404464.15;5122880.09;1596.86
3748;404464.33;5122887.57;1615.53
3393;404453.72;5122883.87;1608.94
2823;404439.51;5122864.24;1598.33
439;404430.48;5122876.07;1584.8
7077;404411.79;5122882.93;1589.99
623;404423.32;5122896.72;1576.9
4222;404433.84;5122881.0;1580.14
6307;404404.91;5122872.72;1586.69
4310;404414.38;5122897.81;1579.9
3503;404413.19;5122900.85;1580.48
2091;404413.71;5122901.7;1579.58
6029;404412.2;5122904.5;1578.56
1525;404417.47;5122905.72;1579.22
1720;404408.26;5122904.75;1577.94
1085;404419.4;5122906.1;1578.46
5724;404420.2;5122906.68;1581.5
5671;404419.71;5122908.36;1581.62
4456;404417.47;5122911.23;1584.27
6411;404424.96;5122913.26;1579.83
2944;404417.47;5122911.23;1588.09
4091;404424.96;5122913.26;1598.33
7101;404429.94;5122909.78;1580.68
4395;404406.74;5122902.31;1577.84
4142;404410.71;5122900.92;1577.41
6744;404411.85;5122896.56;1575.2
4266;404412.67;5122896.93;1575.04
4080;404413.24;5122897.68;1531.66
4516;404413.54;5122893.81;1530.55
503;404415.2;5122884.25;1523.4
6339;404416.56;5122878.65;1524.76
3118;404415.12;5122868.91;1520.54
4416;404415.35;5122867.37;1518.52
389;404417.03;5122868.09;1516.91
5228;404415.65;5122869.42;1514.56
7075;404417.34;5122867.96;1513.88
4446;404417.46;5122868.11;1495.12
3725;404417.52;5122868.18;1483.22
2427;404417.69;5122868.41;1459.94
2496;404417.7;5122868.43;1457.74
1217;404417.74;5122868.48;1448.46
502;404417.97;5122868.78;1421.29
5329;404420.25;5122863.47;1422.28
6407;404418.56;5122861.23;1419.8
4475;404417.56;5122857.14;1411.59
6342;404412.43;5122858.29;1411.79
7516;404405.04;5122860.84;1410.29
1347;404408.19;5122855.81;1413.32
4630;404406.63;5122856.86;1410.6
2770;404411.1;5122856.27;1413.94
4370;404418.24;5122848.33;1400.75
6312;404411.82;5122827.33;1405.02
1327;404416.69;5122824.4;1408.71
616;404409.44;5122851.73;1399.88
7473;404412.91;5122853.45;1397.22
3515;404414.11;5122851.07;1396.5
2774;404415.96;5122848.07;1377.03
3508;404415.81;5122842.38;1374.72
4206;404412.45;5122836.77;1373.81
5188;404412.29;5122833.02;1373.49
4948;404414.74;5122831.97;1371.83
6700;404414.69;5122827.04;1369.83
2866;404413.09;5122822.03;1365.5
3589;404412.47;5122820.09;1358.94
3410;404412.75;5122820.47;1328.56
4125;404415.59;5122818.83;1329.56
7503;404416.49;5122813.98;1330.19
950;404409.44;5122826.43;1332.75
5441;404410.17;5122830.61;1332.75
2931;404412.1;5122832.76;1332.75
7401;404412.92;5122835.01;1331.87
3986;404410.89;5122836.66;1329.98
6513;404410.98;5122839.29;1329.02
3790;404410.52;5122844.63;1328.17
7121;404409.71;5122845.76;1328.02
3838;404406.72;5122852.45;1328.41
5080;404407.43;5122856.46;1327.62
2311;404406.34;5122857.37;1327.36
1551;404406.9;5122861.97;1329.33
1263;404406.08;5122871.34;1331.33
6563;404418.87;5122810.9;1326.55
1953;404418.89;5122810.92;1322.94
2922;404417.94;5122807.32;1321.94
1465;404421.14;5122800.11;1321.97
6816;404422.84;5122790.38;1322.01
3209;404413.49;5122792.21;1320.18
6152;404403.51;5122781.95;1323.14
5930;404405.9;5122775.93;1323.27
1025;404409.02;5122775.8;1322.79
3642;404409.06;5122775.86;1312.51
3316;404415.94;5122770.69;1313.14
4907;404416.1;5122768.07;1311.0
4193;404416.15;5122768.13;1300.29
6910;404420.23;5122760.76;1297.24
1242;404422.66;5122755.26;1295.52
3849;404422.68;5122755.29;1300.78
5224;404416.72;5122753.79;1295.73
7479;404424.64;5122754.44;1301.83
819;404432.63;5122759.91;1302.2
7518;404430.74;5122761.99;1301.91
7237;404436.15;5122767.06;1302.83
6534;404438.29;5122776.69;1299.55
6917;404434.55;5122780.96;1300.87
4012;404439.29;5122795.07;1301.72
208;404446.15;5122799.76;1301.32
775;404450.77;5122799.49;1300.44
7286;404449.92;5122801.79;1299.51
200;404450.89;5122805.62;1296.8
5072;404455.53;5122810.97;1296.94
6850;404454.91;5122819.24;1296.69
330;404453.49;5122818.95;1295.0
6857;404455.13;5122812.25;1294.66
4944;404452.9;5122811.96;1294.42
76;404453.06;5122812.16;1272.66
1727;404455.68;5122813.51;1272.46
2203;404463.06;5122813.39;1277.57
2682;404458.89;5122815.62;1268.96
3265;404459.1;5122815.89;1243.17
6653;404453.76;5122807.31;1243.03
4867;404445.58;5122805.53;1235.36
3256;404435.64;5122808.04;1221.0
3717;404424.71;5122807.47;1217.01
3379;404423.76;5122808.25;1217.37
4103;404417.38;5122809.29;1215.83
5822;404411.23;5122803.78;1211.38
3696;404408.48;5122805.69;1211.5
498;404406.42;5122807.18;1212.49
2918;404404.18;5122807.05;1212.94
2077;404394.99;5122810.99;1212.45
7053;404414.98;5122809.75;1220.74
6179;404390.27;5122815.22;1209.66
4013;404390.07;5122824.65;1209.86
3223;404391.7;5122832.68;1209.89
3498;404385.92;5122841.32;1209.03
3961;404387.1;5122847.17;1210.09
2449;404383.29;5122853.75;1208.51
2296;404376.95;5122858.36;1203.45
1356;404385.17;5122860.74;1211.89
7515;404373.72;5122863.69;1203.14
6145;404373.28;5122861.08;1202.33
6080;404372.77;5122858.29;1203.14
1608;404379.73;5122878.58;1226.08
3288;404372.06;5122863.24;1199.59
5650;404370.54;5122866.17;1197.79
6643;404371.01;5122867.99;1199.09
2033;404367.21;5122870.73;1196.41
6819;404360.65;5122870.0;1195.84
5783;404360.74;5122873.76;1196.05
5884;404361.07;5122875.25;1196.79
5248;404364.37;5122876.48;1196.98
4469;404369.1;5122878.24;1195.08
2701;404362.57;5122879.61;1194.16
2815;404366.17;5122901.72;1200.53
7432;404365.39;5122910.15;1203.6
4763;404362.96;5122921.68;1208.57
6927;404365.31;5122929.2;1212.05
7316;404381.82;5122932.49;1217.41
3128;404361.2;5122928.41;1209.7
4129;404392.69;5122947.45;1223.41
1827;404396.94;5122970.89;1231.84
4450;404395.22;5122977.21;1233.03
6689;404383.76;5123005.65;1239.66
5031;404383.43;5123011.08;1241.66
2518;404382.0;5123007.49;1242.61
3812;404385.46;5123010.57;1241.14
4453;404376.04;5123014.12;1245.32
4493;404379.82;5123020.64;1245.05
1508;404370.29;5123016.71;1249.53
764;404375.56;5123021.94;1246.11
6756;404373.95;5123024.85;1256.51
3278;404376.42;5123030.89;1258.59
4816;404379.05;5123033.35;1260.37
5354;404389.98;5123034.11;1260.95
3723;404380.9;5123038.64;1260.87
3167;404389.34;5123028.05;1263.17
585;404392.43;5123025.26;1263.17
844;404380.97;5123038.72;1247.59
3290;404380.98;5123038.75;1243.96
4133;404379.46;5123037.38;1242.62
7008;404379.5;5123037.44;1232.75
7029;404382.48;5123036.03;1233.22
7282;404383.81;5123029.62;1230.29
3255;404384.66;5123027.67;1225.44
5290;404396.82;5123019.37;1222.4
2806;404402.84;5123021.5;1223.31
5526;404406.93;5123036.06;1225.2
835;404418.09;5123038.02;1225.65
579;404444.01;5123047.32;1234.98
4926;404443.04;5123033.46;1229.92
3969;404453.13;5123060.79;1241.12
7193;404441.09;5123027.11;1226.24
5899;404439.71;5123024.28;1228.21
6766;404439.71;5123024.28;1226.28
5666;404439.16;5123020.36;1222.96
6188;404439.16;5123017.62;1221.18
5371;404438.6;5123009.57;1219.47
407;404436.28;5123006.71;1217.34
2569;404434.2;5122996.91;1213.5
1658;404431.34;5122991.31;1209.86
1534;404430.44;5122988.83;1208.34
1188;404428.02;5122987.2;1207.61
2452;404427.17;5122984.58;1206.87
3147;404426.81;5122980.43;1204.37
4994;404425.62;5122978.61;1203.36
3079;404424.65;5122976.06;1203.12
4666;404422.25;5122971.73;1200.7
5632;404422.25;5122968.05;1197.02
6200;404420.87;5122964.43;1195.68
7264;404417.92;5122958.89;1194.0
5777;404414.85;5122956.03;1193.78
5836;404416.23;5122961.82;1189.67
2132;404416.07;5122953.02;1192.05
4190;404414.06;5122949.67;1190.23
6849;404414.53;5122945.12;1188.38
1867;404410.79;5122940.95;1186.67
3196;404408.87;5122941.09;1188.39
1715;404406.92;5122936.0;1187.53
5311;404404.63;5122930.33;1178.81
7196;404404.63;5122930.33;1168.81
4652;404404.63;5122930.33;1198.81
5548;404418.39;5122961.93;1190.05
2214;404414.44;5122960.62;1188.21
7239;404423.07;5122972.0;1190.05
4363;404410.99;5122962.08;1186.62
3583;404458.86;5123082.2;1252.08
5950;404465.24;5123109.1;1257.49
2603;404475.06;5123106.68;1258.95
1377;404476.76;5123095.88;1258.42
3564;404483.07;5123096.16;1257.92
6902;404484.08;5123099.44;1259.67
202;404480.31;5123091.01;1255.35
2988;404479.59;5123079.96;1255.01
1008;404479.24;5123067.8;1251.02
7246;404497.34;5123054.99;1247.72
2871;404505.2;5123041.88;1245.26
4485;404517.82;5123030.22;1241.85
1511;404522.96;5123017.36;1240.64
1775;404532.89;5123007.44;1242.15
249;404534.8;5123007.69;1242.07
3260;404539.7;5123017.35;1244.97
4100;404542.09;5123012.55;1249.61
1310;404550.83;5123004.09;1249.01
7166;404550.06;5123001.4;1251.91
2865;404553.24;5122998.96;1250.09
3762;404554.46;5122998.36;1250.05
6789;404554.46;5122998.38;1251.1
2;404557.61;5122996.04;1251.21
3194;404562.0;5122993.36;1250.72
6556;404560.86;5122989.36;1250.54
5107;404557.47;5122981.41;1244.45
2210;404555.4;5122983.05;1243.78
4247;404550.06;5122985.31;1234.84
2136;404557.43;5122980.3;1243.27
859;404550.92;5122982.84;1230.47
369;404553.99;5122989.1;1238.38
90;404544.92;5122985.22;1232.97
366;404554.35;5122990.95;1238.42
1059;404554.26;5122991.94;1235.17
2567;404556.19;5122994.5;1229.38
5589;404559.31;5122991.79;1232.07
2006;404560.76;5122990.0;1232.03
4277;404561.87;5122993.22;1227.34
2843;404561.87;5122993.22;1211.14
5381;404561.43;5122994.55;1211.19
4121;404563.48;5122996.76;1207.46
1407;404563.79;5122997.06;1207.21
1913;404564.24;5122998.28;1205.82
7475;404563.83;5122998.62;1204.74
2923;404563.05;5122999.5;1204.19
5582;404560.57;5123002.46;1202.3
3418;404560.28;5123004.56;1201.73
5974;404556.55;5123009.5;1201.3
1513;404555.24;5123016.27;1201.3
3572;404554.42;5123017.25;1199.89
3614;404550.2;5123022.26;1192.34
1617;404547.35;5123025.92;1190.47
5399;404546.96;5123028.67;1191.59
6680;404545.98;5123028.76;1191.77
3021;404549.6;5123031.59;1191.61
5676;404549.29;5123032.04;1189.68
1484;404547.8;5123032.09;1188.68
2968;404545.37;5123029.2;1186.23
6447;404548.08;5123032.88;1188.54
1945;404546.47;5123027.44;1176.44
5003;404542.46;5123032.22;1175.57
6176;404535.5;5123037.09;1175.27
6190;404531.69;5123033.65;1172.37
3024;404527.95;5123032.29;1171.03
7058;404522.73;5123033.99;1171.35
3127;404520.55;5123036.41;1171.83
654;404521.78;5123030.06;1170.52
6958;404521.12;5123027.41;1168.18
5189;404517.04;5123026.0;1167.34
5738;404515.19;5123023.46;1166.35
4075;404552.78;5123037.57;1190.76
4989;404556.65;5123044.85;1192.37
7125;404561.11;5123054.0;1197.71
3860;404561.11;5123056.22;1198.31
1711;404563.45;5123062.63;1200.59
2960;404565.61;5123064.09;1202.78
1192;404560.21;5123063.81;1201.94
4092;404569.16;5123067.91;1204.49
565;404571.82;5123068.33;1204.75
4398;404572.96;5123069.05;1205.12
7076;404572.87;5123071.68;1205.71
5268;404573.44;5123073.35;1204.77
3297;404573.6;5123075.56;1205.92
5202;404579.31;5123077.2;1208.57
6027;404579.26;5123079.99;1208.85
5590;404559.44;5123060.73;1201.55
1244;404536.5;5122971.77;1228.12
2598;404534.16;5122964.12;1222.72
7404;404533.36;5122964.14;1222.68
1413;404529.4;5122957.01;1221.68
5481;404524.16;5122953.73;1221.35
3920;404521.02;5122950.91;1220.53
5818;404519.21;5122951.54;1218.25
1362;404514.83;5122951.69;1214.7
4291;404514.1;5122949.69;1218.1
3253;404512.3;5122949.03;1216.43
2951;404512.3;5122949.03;1214.01
1644;404512.3;5122949.03;1207.75
6079;404506.92;5122949.13;1205.24
3532;404505.57;5122949.13;1189.73
4997;404505.57;5122949.13;1181.63
2336;404508.38;5122946.32;1182.55
4694;404508.99;5122941.28;1180.29
1781;404508.74;5122942.12;1181.61
5912;404510.74;5122937.04;1181.11
7130;404510.67;5122943.59;1180.44
3321;404508.45;5122938.91;1181.54
1665;404512.09;5122945.61;1178.36
5305;404512.66;5122943.6;1177.39
289;404514.51;5122941.4;1177.19
2979;404514.51;5122941.4;1166.92
106;404512.99;5122937.45;1168.21
3040;404507.16;5122935.88;1170.29
7554;404509.17;5122940.43;1168.46
7450;404504.85;5122942.09;1167.14
7469;404504.85;5122942.09;1164.9
3682;404501.58;5122941.92;1164.02
2246;404499.81;5122944.65;1162.77
5300;404499.81;5122944.65;1158.24
4130;404498.18;5122944.54;1158.8
2544;404502.94;5122944.37;1158.47
1165;404493.88;5122946.1;1157.99
6775;404493.31;5122947.77;1157.13
332;404491.65;5122951.03;1153.84
1444;404494.77;5122949.08;1159.51
1065;404494.28;5122949.85;1156.1
3468;404489.72;5122951.96;1152.55
6004;404496.77;5122947.52;1160.44
4743;404491.69;5122952.02;1156.19
27;404491.12;5122954.47;1155.33
6063;404493.27;5122951.59;1152.8
678;404494.03;5122951.35;1151.62
1812;404486.82;5122954.97;1154.33
7011;404495.6;5122951.38;1151.85
3373;404495.6;5122951.38;1146.72
3815;404492.7;5122946.91;1145.69
5588;404489.99;5122943.19;1141.55
2622;404485.79;5122951.13;1153.62
4623;404485.47;5122950.41;1152.3
6;404486.82;5122945.98;1151.82
5123;404484.66;5122945.52;1151.35
1121;404482.68;5122947.3;1150.64
7332;404481.99;5122947.91;1150.88
1272;404481.99;5122947.91;1147.35
6547;404484.65;5122943.96;1147.35
4941;404485.48;5122943.1;1147.35
1976;404485.48;5122943.1;1129.99
3116;404488.94;5122939.5;1129.99
854;404488.94;5122939.5;1114.89
6886;404558.61;5122986.27;1247.72
7414;404556.36;5122987.83;1247.34
2644;404554.49;5122995.33;1256.09
3388;404559.4;5122985.52;1244.26
5875;404581.7;5122967.6;1245.08
5333;404557.61;5122995.68;1246.27
4186;404582.89;5122964.44;1246.9
3034;404573.92;5122967.46;1243.28
4519;404586.96;5122961.87;1246.83
306;404590.28;5122962.43;1244.88
6404;404581.76;5122964.92;1248.98
7302;404590.82;5122963.24;1245.44
4045;404585.63;5122960.46;1247.03
4712;404590.88;5122960.19;1243.01
4402;404593.62;5122961.02;1241.75
5712;404589.95;5122962.29;1238.28
6015;404590.01;5122964.85;1234.9
4479;404586.06;5122964.59;1234.12
3031;404584.36;5122967.52;1237.45
1966;404582.2;5122970.51;1239.38
2277;404580.85;5122970.19;1239.73
7191;404579.22;5122968.47;1241.51
4489;404582.88;5122970.48;1237.2
1701;404578.97;5122970.32;1244.89
5240;404582.88;5122970.48;1222.85
6476;404580.89;5122975.67;1218.51
5355;404586.79;5122964.66;1233.29
1426;404587.34;5122960.77;1233.22
5427;404589.21;5122957.26;1231.93
4196;404590.36;5122957.48;1232.37
4029;404592.35;5122956.91;1231.66
4983;404597.34;5122955.84;1227.38
4243;404598.42;5122953.17;1227.73
4293;404598.13;5122949.86;1222.99
5509;404598.59;5122951.01;1223.1
1399;404598.59;5122951.01;1214.39
617;404603.36;5122948.69;1214.39
1769;404604.7;5122947.75;1214.73
7347;404606.15;5122945.76;1214.34
4932;404608.39;5122942.9;1207.78
5641;404609.89;5122943.42;1207.64
7288;404609.89;5122943.42;1198.38
4750;404592.67;5122958.65;1241.37
1571;404591.61;5122950.96;1241.1
3671;404586.63;5122950.44;1240.82
279;404586.58;5122943.87;1241.07
1307;404603.49;5122932.58;1241.59
1634;404603.14;5122924.02;1242.08
349;404611.82;5122914.22;1240.53
3631;404628.6;5122903.44;1241.38
3168;404631.09;5122893.44;1243.09
2434;404625.59;5122915.48;1246.92
1920;404637.44;5122888.31;1242.69
6390;404640.4;5122880.98;1266.42
3406;404638.81;5122884.53;1238.07
7461;404641.7;5122881.22;1242.25
2710;404641.85;5122880.14;1272.65
3597;404643.77;5122874.78;1278.06
6540;404646.71;5122857.16;1277.23
7326;404643.7;5122851.21;1272.83
7543;404634.24;5122847.51;1263.1
6607;404640.13;5122846.65;1261.32
1376;404640.15;5122846.68;1263.67
2112;404640.39;5122846.71;1279.79
822;404634.02;5122848.2;1262.6
6348;404636.79;5122850.69;1263.72
5492;404629.92;5122853.64;1260.47
2307;404629.72;5122856.38;1257.5
6189;404629.82;5122858.58;1257.71
487;404629.15;5122859.85;1256.73
3731;404629.22;5122859.92;1246.79
894;404624.62;5122862.58;1249.57
3667;404624.44;5122865.72;1248.71
690;404624.13;5122869.82;1248.96
6781;404624.38;5122871.13;1246.83
1317;404622.67;5122874.95;1245.75
4237;404622.7;5122874.98;1240.83
7300;404616.62;5122876.74;1241.46
3864;404613.0;5122872.41;1240.91
801;404610.37;5122874.7;1240.2
5520;404608.98;5122872.7;1238.79
5439;404609.16;5122872.88;1220.08
5554;404607.63;5122875.63;1221.25
4730;404607.63;5122876.72;1221.07
5669;404607.71;5122876.8;1209.53
5906;404604.56;5122879.64;1209.57
3488;404610.84;5122879.72;1211.08
4708;404607.82;5122885.23;1209.08
3741;404605.45;5122890.56;1209.04
6318;404601.45;5122894.88;1208.17
409;404601.61;5122898.42;1205.85
640;404601.09;5122898.73;1205.31
6517;404602.64;5122902.5;1204.57
1631;404600.06;5122905.94;1203.78
320;404600.17;5122907.62;1204.06
7013;404597.26;5122906.29;1203.97
868;404596.66;5122902.72;1202.6
6238;404594.62;5122897.25;1203.07
5667;404597.49;5122892.67;1198.41
7147;404599.87;5122891.06;1193.54
2268;404601.47;5122882.24;1178.85
7208;404597.89;5122877.29;1177.36
3990;404599.28;5122873.03;1169.83
5336;404599.62;5122867.81;1169.23
3378;404600.83;5122865.73;1167.55
5465;404600.42;5122862.1;1172.16
1810;404601.86;5122858.12;1173.26
1062;404604.66;5122852.64;1172.12
7162;404604.52;5122849.07;1170.06
5810;404605.38;5122842.03;1168.87
4047;404605.04;5122838.36;1165.41
3787;404605.89;5122837.43;1165.11
6463;404608.28;5122828.7;1167.7
7145;404607.14;5122823.02;1169.12
6358;404607.52;5122821.62;1169.24
1526;404607.14;5122823.02;1165.6
4132;404610.88;5122814.51;1169.48
1929;404610.54;5122811.41;1167.83
5179;404608.06;5122808.45;1167.73
7311;404607.53;5122806.41;1167.37
248;404607.5;5122804.76;1165.7
2289;404606.1;5122803.32;1165.51
1783;404604.64;5122803.6;1164.47
4615;404605.49;5122800.61;1162.46
6340;404602.57;5122801.61;1159.98
3700;404602.83;5122796.41;1158.71
6201;404606.35;5122789.57;1155.37
4767;404606.01;5122786.48;1152.93
5770;404606.24;5122788.02;1154.28
1638;404609.94;5122777.06;1153.86
1683;404610.85;5122775.78;1151.54
3586;404609.01;5122774.84;1151.26
3078;404611.14;5122775.96;1137.0
6017;404606.79;5122776.64;1150.86
7192;404607.54;5122774.43;1150.32
6703;404605.39;5122773.38;1149.69
6379;404603.38;5122771.6;1148.1
5914;404598.29;5122772.89;1146.43
3823;404594.68;5122779.81;1146.7
6745;404591.55;5122780.55;1145.62
2218;404589.13;5122779.9;1145.05
1790;404586.08;5122783.52;1144.61
1079;404590.14;5122779.94;1145.01
5243;404452.98;5122915.26;1071.23
6194;404454.69;5122917.7;1068.9
4784;404443.2;5122924.33;1074.48
6374;404451.29;5122909.66;1070.86
1134;404456.4;5122916.09;1067.43
399;404463.38;5122912.38;1067.53
2292;404465.32;5122912.48;1066.4
6637;404467.58;5122915.47;1069.03
187;404483.11;5122927.57;1070.66
2131;404485.59;5122931.11;1071.72
71;404487.22;5122934.6;1073.15
5484;404486.78;5122930.07;1068.61
6150;404496.3;5122930.37;1067.73
94;404499.34;5122927.22;1068.16
3455;404500.95;5122926.76;1067.99
4297;404504.53;5122927.01;1068.99
6494;404505.97;5122929.4;1068.58
5902;404505.05;5122931.2;1066.54
5116;404507.19;5122930.9;1065.65
1834;404510.31;5122930.95;1065.8
3492;404517.63;5122943.99;1064.17
1247;404515.85;5122945.65;1064.47
3216;404518.43;5122944.08;1064.17
1574;404522.71;5122951.54;1064.06
1038;404517.62;5122941.27;1058.64
1946;404519.45;5122939.02;1059.41
4721;404519.55;5122945.01;1054.9
6082;404519.55;5122945.01;1023.1
7289;404516.7;5122940.07;1023.1
6797;404514.59;5122935.55;1022.04
7067;404517.27;5122933.05;1019.18
2446;404516.89;5122930.34;1017.84
5401;404517.73;5122928.99;1017.41
4683;404517.1;5122921.7;1013.19
847;404516.49;5122914.81;1009.81
2171;404516.71;5122908.75;1006.02
2621;404513.75;5122912.28;1006.02
168;404511.5;5122913.42;1005.11
5796;404509.2;5122914.26;1004.59
7105;404509.2;5122914.26;997.21
3758;404505.98;5122913.52;1000.18
4780;404501.59;5122916.15;998.72
1744;404497.87;5122915.83;995.35
2224;404497.87;5122915.83;989.09
5026;404496.45;5122921.5;991.7
5029;404490.68;5122924.7;989.93
849;404485.39;5122923.66;988.28
1696;404481.94;5122923.48;987.29
185;404478.91;5122918.24;977.18
3867;404481.54;5122915.86;979.07
6800;404479.16;5122910.92;974.08
87;404479.19;5122908.17;974.79
6011;404476.54;5122907.94;966.6
939;404477.97;5122903.52;965.0
1754;404476.43;5122898.47;961.82
1011;404475.34;5122894.4;961.53
1893;404475.98;5122887.03;957.76
3476;404476.34;5122881.92;951.42
6944;404477.16;5122874.14;949.32
6929;404478.6;5122871.83;949.8
7038;404474.72;5122867.2;949.91
1178;404476.84;5122863.82;948.38
5176;404473.66;5122861.6;947.83
1003;404471.84;5122857.71;946.44
1863;404471.12;5122850.89;947.28
5086;404471.63;5122846.8;947.28
5437;404474.39;5122843.13;948.43
4902;404471.63;5122846.8;939.05
2248;404474.83;5122838.14;948.34
941;404475.42;5122835.95;947.03
773;404471.31;5122833.38;944.24
2436;404470.35;5122827.94;942.11
3848;404466.17;5122824.43;938.57
4332;404464.27;5122821.5;936.47
796;404463.9;5122818.01;935.33
6038;404462.99;5122812.84;932.42
293;404463.74;5122811.09;929.98
6274;404457.89;5122810.37;927.48
3499;404455.97;5122812.43;924.23
2714;404453.69;5122809.99;921.53
6859;404453.39;5122808.32;920.29
6627;404451.77;5122817.15;924.52
1278;404449.8;5122820.68;923.88
7313;404447.69;5122825.92;924.67
3126;404440.12;5122827.95;921.66
757;404436.08;5122832.14;923.78
2854;404435.21;5122836.58;926.73
7495;404428.37;5122829.5;921.04
2360;404426.25;5122829.05;920.54
1854;404424.03;5122829.64;920.78
3464;404423.14;5122834.68;923.17
727;404425.33;5122839.59;926.14
5324;404424.6;5122842.74;927.72
2683;404423.81;5122842.81;928.06
3930;404419.17;5122839.79;920.44
2261;404416.35;5122842.16;920.18
3616;404412.66;5122845.15;919.08
3960;404405.62;5122844.65;912.25
2466;404408.75;5122849.12;918.99
4203;404407.09;5122841.01;910.98
1603;404406.14;5122846.59;912.47
606;404401.8;5122845.82;908.4
6508;404407.99;5122852.39;921.01
1868;404406.35;5122851.15;917.72
4930;404402.13;5122854.96;919.25
7457;404402.75;5122860.88;922.83
5809;404397.93;5122865.37;923.29
7529;404397.07;5122865.75;923.51
885;404393.15;5122867.26;922.84
4821;404391.34;5122860.51;923.82
7051;404393.17;5122857.23;923.69
1487;404411.7;5122838.76;910.98
924;404414.16;5122836.12;909.94
2781;404417.21;5122833.9;910.47
655;404404.05;5122848.91;909.0
368;404471.27;5122845.45;939.99
4669;404471.6;5122835.86;933.01
7099;404520.69;5122940.97;1063.97
3095;404518.93;5122938.36;1064.81
1765;404516.35;5122939.2;1065.91
1780;404513.1;5122937.48;1065.78
2557;404512.97;5122935.0;1065.73
571;404511.49;5122933.67;1065.77
6609;404509.78;5122931.76;1067.31
7323;404522.7;5122951.54;1077.35
4893;404522.46;5122952.9;1078.31
7007;404519.93;5122957.65;1078.73
5585;404517.18;5122959.05;1078.98
244;404506.47;5122970.12;1083.97
2910;404493.85;5122962.25;1081.89
3268;404482.18;5122954.98;1076.36
5178;404479.19;5122948.28;1075.9
2172;404473.39;5122942.89;1072.11
700;404477.96;5122942.25;1069.62
2174;404479.93;5122938.0;1069.99
2194;404450.17;5122977.37;1099.28
1342;404442.54;5122972.96;1092.88
6514;404447.92;5122972.32;1096.95
6707;404440.83;5122972.37;1094.01
3347;404432.95;5122969.35;1089.89
2467;404425.27;5122973.43;1079.88
2530;404418.85;5122973.88;1078.51
6275;404400.36;5122959.45;1069.97
5739;404391.81;5122954.71;1063.37
3377;404396.62;5122960.87;1059.73
3446;404380.92;5122961.52;1074.55
7375;404400.37;5122960.21;1059.73
7046;404404.91;5122965.24;1061.54
3042;404415.0;5122982.71;1068.1
6926;404411.6;5122987.55;1067.16
4335;404413.92;5122994.27;1068.67
2217;404416.87;5123000.06;1066.68
1764;404418.02;5123001.24;1065.88
1155;404415.71;5123009.3;1055.15
2188;404412.31;5123009.96;1056.41
4889;404405.15;5123012.29;1054.81
5219;404407.91;5123021.93;1058.07
1851;404409.84;5123026.25;1053.34
2733;404413.64;5123029.79;1051.14
4164;404413.59;5123032.49;1051.33
3577;404419.67;5123038.78;1054.51
528;404418.8;5123047.04;1057.21
3945;404426.52;5123066.15;1069.12
1988;404432.85;5123070.93;1072.16
1954;404434.73;5123086.21;1084.19
4232;404437.33;5123094.71;1087.96
118;404430.99;5123111.24;1093.72
2462;404429.51;5123119.6;1099.67
4175;404439.1;5123118.93;1104.16
4837;404435.62;5123131.98;1107.53
3560;404428.54;5123141.03;1110.18
7382;404426.58;5123169.05;1123.28
1858;404428.65;5123173.11;1124.59
221;404428.4;5123187.25;1125.58
6283;404426.52;5123196.95;1128.6
3466;404422.24;5123204.65;1131.12
4860;404421.32;5123209.4;1135.97
2450;404420.87;5123215.8;1138.3
5193;404411.24;5123231.21;1138.3
7460;404406.87;5123227.4;1131.39
3403;404397.33;5123229.78;1128.57
6965;404384.73;5123235.13;1128.57
1931;404381.93;5123238.35;1129.55
3459;404376.59;5123239.39;1126.54
1331;404372.98;5123240.93;1126.26
7223;404370.94;5123240.6;1124.4
4737;404370.62;5123236.99;1122.94
1604;404368.5;5123234.07;1118.93
1581;404363.76;5123237.91;1114.97
5139;404365.27;5123241.13;1114.97
6037;404359.64;5123241.72;1111.3
812;404353.45;5123244.33;1106.05
3634;404351.1;5123243.61;1104.33
3842;404349.09;5123242.42;1100.27
7119;404349.09;5123242.42;1094.88
3962;404348.05;5123244.64;1094.44
4953;404339.8;5123243.34;1087.17
3094;404331.97;5123247.67;1081.57
2244;404330.8;5123246.79;1079.83
7173;404330.22;5123247.99;1077.33
240;404329.59;5123248.48;1076.93
203;404328.79;5123249.63;1073.91
4445;404324.08;5123259.28;1071.82
4791;404320.15;5123272.12;1071.12
5576;404316.94;5123277.92;1072.65
2255;404317.37;5123279.0;1072.16
1393;404312.92;5123287.87;1067.64
5077;404308.93;5123296.43;1066.65
6023;404308.93;5123296.43;1068.92
1267;404307.23;5123295.19;1067.61
6630;404303.78;5123298.77;1069.32
3397;404302.05;5123299.58;1066.87
5469;404298.43;5123301.11;1066.67
2947;404293.44;5123300.14;1064.61
6622;404292.15;5123299.02;1065.89
3898;404285.65;5123305.31;1071.33
7309;404281.34;5123307.31;1068.8
6610;404279.93;5123308.89;1068.91
4368;404276.48;5123311.4;1068.76
2152;404275.08;5123311.91;1068.84
4095;404268.46;5123314.58;1072.8
6580;404264.09;5123318.38;1070.34
7070;404259.55;5123324.85;1069.51
5637;404257.9;5123326.14;1070.27
2014;404255.42;5123327.52;1071.84
4620;404253.57;5123328.63;1073.59
4256;404250.19;5123331.27;1074.12
7465;404251.78;5123334.03;1074.74
3244;404250.84;5123338.89;1075.52
3426;404245.54;5123342.61;1077.14
3602;404315.49;5123286.01;1066.49
5537;404314.02;5123289.31;1066.17
2635;404312.57;5123296.16;1065.8
1599;404312.31;5123299.8;1066.99
6076;404306.03;5123323.29;1066.99
4657;404301.79;5123347.32;1068.27
1466;404300.32;5123353.21;1072.53
5252;404297.74;5123361.14;1074.92
4312;404298.98;5123368.99;1076.75
3166;404301.04;5123383.65;1074.93
6591;404299.95;5123391.43;1071.43
1029;404297.33;5123399.03;1066.98
5858;404296.39;5123404.96;1065.59
3998;404293.4;5123413.18;1065.89
998;404291.97;5123415.01;1065.4
3843;404291.99;5123416.28;1065.04
3551;404291.2;5123423.83;1056.59
2829;404287.9;5123432.43;1051.69
910;404292.12;5123432.06;1049.43
2173;404287.74;5123435.55;1048.46
7175;404290.0;5123432.48;1046.94
6449;404285.7;5123431.32;1039.53
7487;404285.7;5123431.32;1025.31
5033;404284.77;5123447.47;1046.95
4069;404284.77;5123447.47;1051.2
2694;404282.65;5123457.43;1049.59
1676;404281.77;5123470.03;1049.37
4785;404282.84;5123470.65;1048.74
2541;404278.72;5123493.98;1057.36
1752;404275.38;5123501.15;1058.2
3059;404273.61;5123502.69;1057.7
6279;404274.44;5123514.49;1065.01
957;404268.56;5123502.96;1051.24
6491;404256.44;5123498.78;1040.08
3875;404255.44;5123497.17;1039.46
7068;404251.19;5123489.19;1035.44
5055;404240.45;5123497.88;1029.86
4136;404233.38;5123506.3;1026.49
3865;404229.24;5123512.22;1025.48
2989;404222.27;5123521.48;1025.88
3566;404213.35;5123517.13;1022.46
3185;404206.47;5123521.94;1022.76
3170;404201.63;5123521.43;1019.09
4265;404193.95;5123526.81;1016.58
740;404193.5;5123532.08;1016.76
5352;404188.26;5123529.97;1014.48
5779;404183.43;5123524.21;1011.44
1405;404194.29;5123536.67;1017.24
5452;404169.43;5123522.0;1006.84
3275;404147.09;5123524.35;999.97
5964;404143.63;5123524.1;999.91
1924;404141.13;5123531.81;999.91
3046;404139.46;5123545.37;1001.1
7090;404117.09;5123556.77;994.37
856;404116.77;5123562.91;992.49
161;404109.77;5123557.8;995.94
3062;404102.72;5123559.43;993.87
3847;404097.83;5123560.21;994.04
2317;404091.68;5123561.51;993.16
1218;404088.54;5123562.53;992.58
3231;404087.67;5123561.87;992.61
2340;404083.28;5123561.57;991.68
3595;404080.06;5123561.0;990.49
4108;404078.38;5123557.96;989.02
5721;404073.11;5123557.13;987.18
4343;404071.05;5123555.06;986.06
5275;404068.03;5123555.87;985.45
6640;404067.59;5123557.94;985.56
1343;404065.16;5123556.17;984.92
3437;404059.98;5123557.85;984.16
7335;404056.55;5123555.17;982.03
6130;404060.33;5123562.93;987.22
6765;404054.18;5123558.97;982.5
2164;404053.41;5123560.62;982.66
297;404054.18;5123558.97;975.55
269;404049.5;5123564.35;973.37
6370;404057.85;5123551.07;974.64
4621;404045.5;5123569.46;970.21
5704;404043.12;5123574.14;972.33
7308;404045.68;5123584.41;973.82
4311;404061.45;5123544.31;977.58
6492;404057.85;5123551.07;967.02
7351;404062.25;5123563.63;988.0
1502;404063.53;5123567.55;990.78
4305;404064.88;5123568.91;991.59
3630;404065.61;5123568.23;991.52
2460;404068.64;5123563.73;995.46
4861;404070.0;5123564.48;1000.53
3752;404072.75;5123563.69;1001.3
7069;404073.27;5123564.97;1004.72
1763;404075.7;5123564.28;1006.06
6946;404075.7;5123564.28;1008.93
193;404076.13;5123563.61;1008.98
7276;404076.33;5123562.02;1009.03
1230;404077.85;5123561.81;1009.62
6731;404078.49;5123562.16;1010.23
3245;404079.81;5123562.18;1010.82
1112;404080.05;5123563.69;1010.3
2488;404079.13;5123565.0;1009.68
3179;404079.13;5123565.0;1006.73
5885;404081.22;5123567.77;1026.43
6760;404195.21;5123543.22;1018.29
6219;404194.12;5123555.83;1019.84
6367;404191.59;5123568.83;1027.49
5367;404280.89;5123524.81;1081.75
4214;404376.45;5122962.88;1084.56
2043;404376.29;5122953.84;1088.59
5044;404374.55;5122950.55;1094.11
3980;404370.62;5122948.47;1097.71
5065;404368.83;5122947.26;1098.76
2290;404359.76;5122943.96;1095.81
7520;404380.48;5122948.28;1101.46
4635;404350.94;5122936.82;1093.4
346;404348.6;5122933.92;1095.22
4918;404349.87;5122925.84;1089.05
2616;404349.87;5122925.84;1076.65
7078;404353.7;5122914.71;1076.24
1967;404380.21;5122952.09;1103.85
5959;404379.33;5122951.21;1104.68
4656;404380.02;5122947.3;1104.2
1832;404378.12;5122936.53;1100.64
5213;404376.88;5122931.14;1098.3
171;404376.33;5122924.82;1096.95
7230;404376.04;5122919.41;1095.99
3286;404373.46;5122912.3;1093.39
2612;404371.13;5122905.15;1090.65
4079;404369.8;5122898.89;1089.52
3135;404369.39;5122890.99;1088.41
2537;404365.43;5122878.81;1086.15
4512;404364.29;5122878.15;1085.45
415;404361.88;5122871.17;1084.15
2260;404359.16;5122873.22;1083.36
6167;404357.53;5122871.59;1082.38
5122;404358.9;5122869.02;1083.11
5970;404358.11;5122860.08;1082.64
6562;404359.5;5122852.21;1082.92
353;404362.93;5122853.95;1084.02
3357;404363.58;5122856.37;1084.06
1871;404372.33;5122858.71;1088.29
3505;404374.26;5122857.2;1088.77
7172;404370.98;5122838.56;1087.11
4700;404375.17;5122836.04;1088.15
7535;404379.78;5122833.37;1089.48
468;404379.0;5122828.45;1089.04
2963;404377.9;5122824.88;1093.07
2107;404377.42;5122819.4;1093.07
2527;404378.12;5122815.47;1093.41
34;404376.53;5122813.59;1090.26
4192;404375.32;5122808.71;1088.03
2354;404374.95;5122803.41;1089.45
6330;404374.64;5122794.47;1088.51
2991;404373.82;5122790.27;1085.93
883;404373.37;5122783.87;1084.92
2153;404441.59;5122949.71;1083.0
2398;404445.58;5122947.48;1082.08
2905;404445.89;5122944.63;1083.04
6996;404445.56;5122937.16;1079.77
95;404449.44;5122931.49;1076.96
4459;404489.0;5122930.18;1067.97
2832;404491.59;5122931.39;1066.32
5473;404498.38;5122929.95;1062.15
6355;404497.11;5122926.79;1063.59
6477;404495.69;5122923.61;1061.07
5347;404503.35;5122917.19;1060.07
1869;404454.88;5122903.7;1070.17
3959;404466.65;5122903.1;1067.36
73;404470.7;5122898.62;1067.39
7023;404471.15;5122896.1;1065.99
7467;404467.48;5122891.03;1066.03
1293;404475.05;5122879.48;1073.26
712;404477.15;5122884.67;1079.32
1429;404483.62;5122888.4;1080.82
6114;404469.18;5122901.52;1084.22
2425;404472.68;5122896.53;1089.95
6430;404474.66;5122894.42;1089.91
5392;404481.83;5122891.96;1091.85
7244;404479.0;5122887.04;1093.85
3269;404476.73;5122878.55;1096.78
2807;404478.51;5122870.95;1098.36
3795;404470.74;5122870.28;1097.03
1213;404469.51;5122864.44;1097.38
6861;404473.72;5122863.32;1098.57
1150;404490.58;5122854.43;1105.81
7176;404498.62;5122852.58;1111.66
5800;404506.34;5122847.79;1111.88
5159;404525.31;5122840.96;1115.75
3187;404529.34;5122837.83;1121.08
596;404529.81;5122835.93;1121.51
1436;404534.32;5122834.55;1123.06
6652;404537.97;5122831.71;1124.59
3056;404544.97;5122829.98;1124.64
1799;404554.21;5122840.59;1129.92
6097;404557.96;5122850.81;1132.74
4768;404564.7;5122844.98;1139.31
1235;404569.64;5122828.03;1145.32
2086;404573.25;5122816.36;1148.5
4259;404574.48;5122812.09;1147.74
3693;404574.27;5122809.64;1145.29
5594;404576.04;5122804.26;1144.72
2262;404578.12;5122799.38;1144.1
923;404578.9;5122796.48;1144.59
1773;404585.35;5122791.98;1146.04
5923;404582.73;5122787.23;1144.41
5742;404589.93;5122777.25;1144.25
2595;404592.2;5122772.55;1144.16
1169;404591.07;5122770.91;1144.4
6347;404595.83;5122769.48;1144.84
6467;404595.78;5122769.45;1150.5
6360;404596.33;5122768.43;1150.69
2486;404592.6;5122772.85;1154.0
867;404598.05;5122775.04;1154.93
3143;404592.96;5122767.48;1151.28
1257;404592.65;5122776.49;1153.33
1588;404587.35;5122780.48;1154.86
6385;404580.94;5122784.48;1154.46
5584;404596.36;5122760.66;1153.33
1138;404595.97;5122753.8;1152.01
5279;404603.39;5122748.32;1152.67
2379;404601.01;5122750.54;1152.28
5199;404599.81;5122749.43;1151.74
962;404603.62;5122748.85;1158.71
5223;404599.55;5122736.79;1144.35
2411;404598.33;5122736.65;1143.16
4435;404599.56;5122734.31;1143.13
6314;404601.3;5122730.69;1142.73
5790;404599.63;5122724.12;1138.76
5039;404601.85;5122717.51;1137.61
6041;404603.4;5122714.43;1133.4
5908;404606.57;5122715.1;1134.45
4503;404604.72;5122709.44;1134.21
6302;404609.61;5122719.02;1138.92
2878;404610.6;5122720.24;1138.92
3243;404608.92;5122730.86;1144.64
6420;404609.29;5122736.1;1146.34
4555;404604.7;5122709.38;1131.23
6163;404604.81;5122704.55;1129.08
2900;404606.06;5122701.57;1129.77
4064;404605.5;5122699.86;1127.52
2759;404607.72;5122692.33;1127.96
1162;404603.79;5122687.34;1122.79
3421;404605.9;5122681.05;1122.49
6410;404607.2;5122682.26;1122.0
6846;404612.61;5122682.74;1122.51
6824;404615.34;5122681.53;1122.79
4497;404619.75;5122681.77;1121.86
1126;404623.43;5122680.13;1121.24
1269;404628.63;5122682.27;1122.08
2297;404629.89;5122678.93;1122.3
3644;404634.58;5122689.34;1122.12
4649;404629.69;5122669.15;1122.67
2760;404631.27;5122663.65;1120.72
6280;404634.03;5122662.49;1123.93
5167;404631.09;5122657.79;1119.36
3186;404630.81;5122651.94;1119.25
192;404631.23;5122653.84;1116.46
1073;404633.93;5122649.62;1116.1
1428;404636.73;5122647.11;1116.47
5921;404636.73;5122643.73;1116.1
2365;404636.45;5122640.43;1107.0
3889;404639.99;5122639.18;1116.27
4881;404636.97;5122634.44;1106.27
709;404636.97;5122634.44;1098.93
1238;404642.95;5122652.86;1096.55
5009;404643.3;5122662.66;1096.89
1171;404642.39;5122670.03;1096.89
6203;404640.82;5122676.84;1097.13
6726;404640.82;5122687.14;1097.31
4200;404630.08;5122700.89;1097.31
4351;404640.02;5122639.16;1115.62
6674;404643.78;5122636.81;1115.37
2505;404650.51;5122629.48;1116.59
191;404650.07;5122636.42;1115.33
3604;404653.37;5122635.57;1115.37
2320;404654.8;5122636.0;1115.6
2273;404658.44;5122635.65;1116.74
4365;404662.59;5122631.81;1116.53
7452;404665.0;5122630.92;1118.07
1708;404668.0;5122628.15;1119.27
6779;404670.0;5122629.38;1119.47
3240;404672.15;5122629.02;1119.46
5393;404676.86;5122626.3;1120.19
7523;404676.8;5122625.17;1120.19
5823;404678.8;5122624.47;1120.44
2129;404679.4;5122617.94;1120.54
3617;404683.23;5122617.83;1119.65
2686;404683.33;5122617.76;1130.04
3111;404685.78;5122617.09;1130.69
5255;404684.72;5122618.15;1129.64
1375;404687.64;5122620.56;1132.11
1166;404690.22;5122628.57;1135.05
2413;404685.55;5122628.59;1142.53
7506;404680.3;5122623.36;1163.98
5137;404677.9;5122625.38;1164.3
6349;404677.96;5122632.3;1172.49
7547;404679.48;5122633.35;1172.49
2813;404679.71;5122636.54;1172.36
233;404679.16;5122637.26;1172.23
2392;404676.98;5122638.0;1170.85
986;404675.74;5122639.56;1165.03
1934;404675.84;5122639.49;1155.11
7440;404675.0;5122639.58;1157.78
2071;404672.95;5122641.37;1158.61
7017;404672.32;5122643.55;1159.53
1987;404666.39;5122645.79;1155.55
1848;404671.25;5122647.18;1155.88
2626;404665.89;5122643.18;1156.07
7079;404671.39;5122646.79;1175.9
5799;404672.13;5122650.63;1157.47
3084;404671.44;5122646.65;1186.72
1734;404671.61;5122646.19;1208.86
4301;404671.1;5122644.0;1214.15
1889;404668.63;5122643.85;1218.21
2697;404666.03;5122645.01;1226.8
1140;404663.01;5122644.45;1228.98
2632;404661.04;5122649.07;1229.75
5839;404662.05;5122647.7;1229.76
5767;404655.02;5122653.17;1229.69
850;404653.69;5122656.27;1231.12
6520;404650.11;5122662.15;1231.81
3036;404651.77;5122670.61;1234.63
4249;404646.13;5122676.81;1232.06
2468;404639.31;5122676.31;1231.4
653;404636.13;5122674.05;1233.49
3413;404633.53;5122674.52;1233.75
4660;404629.66;5122685.37;1231.76
5483;404629.83;5122684.44;1231.69
3218;404630.78;5122669.12;1235.48
5846;404630.76;5122683.01;1227.17
72;404631.54;5122683.17;1225.31
6959;404634.0;5122679.98;1222.04
3014;404634.65;5122682.56;1221.14
634;404634.64;5122682.46;1215.72
5710;404635.71;5122683.01;1215.72
2278;404642.67;5122686.98;1218.71
4877;404635.71;5122683.01;1212.12
4942;404643.0;5122681.73;1219.68
5115;404641.91;5122678.49;1217.45
1629;404644.52;5122678.39;1217.45
1311;404647.95;5122670.5;1217.42
3674;404647.58;5122672.97;1217.78
967;404648.78;5122670.01;1217.99
6866;404648.16;5122673.31;1217.68
268;404650.48;5122671.45;1219.16
1874;404652.01;5122667.86;1220.91
5092;404652.7;5122664.74;1221.45
100;404655.56;5122661.83;1220.88
1741;404656.82;5122659.72;1220.23
4824;404653.68;5122658.14;1218.47
2183;404654.22;5122658.29;1218.23
4581;404654.8;5122656.38;1214.26
879;404653.23;5122656.23;1213.52
104;404651.9;5122655.05;1211.86
3660;404652.96;5122656.24;1217.77
4458;404652.8;5122653.91;1210.36
545;404655.39;5122652.73;1217.1
5046;404651.25;5122649.18;1215.57
4812;404647.27;5122645.0;1219.15
5269;404649.28;5122635.51;1219.92
763;404647.8;5122633.54;1220.29
3770;404644.82;5122632.34;1219.55
2690;404642.4;5122629.75;1218.19
2809;404636.66;5122625.1;1219.36
3531;404637.96;5122621.38;1221.97
3839;404639.88;5122616.62;1221.43
2445;404639.87;5122616.52;1226.65
6801;404641.21;5122609.15;1226.88
2825;404643.84;5122602.88;1224.23
5206;404640.35;5122601.76;1224.66
4698;404640.49;5122599.67;1227.2
1482;404638.47;5122598.97;1226.9
7411;404635.28;5122598.86;1226.67
6317;404632.53;5122596.76;1227.33
338;404634.14;5122591.54;1228.53
5197;404631.37;5122589.56;1228.7
2660;404627.67;5122589.95;1228.75
4082;404625.54;5122580.45;1230.34
2834;404623.82;5122572.79;1228.87
2298;404636.52;5122572.99;1225.84
5035;404638.05;5122570.61;1225.3
1420;404640.16;5122564.42;1223.86
3037;404634.26;5122570.28;1222.65
1684;404628.34;5122570.76;1207.78
7484;404627.29;5122581.3;1205.75
2672;404626.2;5122582.23;1201.52
6141;404626.2;5122581.84;1201.45
2707;404627.61;5122590.99;1203.14
6224;404624.69;5122580.79;1194.59
6603;404627.25;5122592.89;1202.15
4396;404628.18;5122600.34;1203.52
6490;404629.22;5122604.42;1200.97
4111;404628.23;5122605.4;1200.26
3138;404628.38;5122606.46;1182.93
6648;404630.01;5122601.48;1185.27
10;404626.86;5122598.89;1177.54
365;404625.58;5122597.01;1176.94
5806;404625.67;5122597.21;1172.81
1815;404623.91;5122607.24;1170.86
5422;404622.6;5122613.01;1171.83
5000;404622.92;5122619.42;1174.39
6002;404620.81;5122626.78;1172.66
3561;404620.49;5122628.65;1170.58
4838;404620.54;5122628.6;1168.87
7498;404620.57;5122631.2;1166.12
2134;404619.78;5122632.38;1165.55
2253;404619.66;5122637.95;1166.56
4183;404618.59;5122641.72;1166.55
3722;404618.32;5122644.54;1165.81
1232;404617.95;5122645.25;1167.14
2377;404618.37;5122646.47;1168.28
262;404618.13;5122656.04;1166.82
4760;404618.17;5122659.03;1165.08
6128;404616.04;5122660.6;1164.4
3351;404615.02;5122664.77;1163.52
7317;404613.42;5122668.34;1165.77
313;404613.84;5122670.96;1164.81
3491;404613.49;5122673.27;1164.37
5291;404614.73;5122673.68;1161.46
7374;404613.91;5122678.07;1160.55
4354;404621.32;5122677.85;1159.62
4681;404618.99;5122688.7;1160.4
7463;404621.27;5122665.11;1158.68
7233;404613.6;5122692.6;1158.73
5763;404626.35;5122661.69;1158.75
4933;404631.07;5122655.13;1159.81
2344;404636.34;5122651.96;1160.19
6050;404633.91;5122653.37;1158.93
3919;404641.85;5122641.58;1162.06
664;404639.23;5122652.35;1158.99
2000;404642.66;5122646.14;1158.56
3422;404643.3;5122642.94;1158.88
3819;404645.92;5122640.33;1158.0
2651;404647.55;5122640.51;1158.02
5071;404649.79;5122644.27;1157.84
1066;404655.23;5122643.91;1157.8
1766;404659.65;5122642.14;1158.27
5672;404661.34;5122643.45;1158.33
898;404645.78;5122639.58;1162.83
3993;404650.77;5122640.37;1164.19
2254;404654.26;5122643.85;1162.4
5192;404653.46;5122648.85;1164.04
6414;404614.01;5122696.17;1158.68
6890;404616.08;5122704.42;1157.96
2606;404614.77;5122706.84;1158.68
3922;404615.25;5122716.68;1158.92
7120;404615.19;5122722.74;1158.62
7339;404609.38;5122729.94;1158.85
6227;404610.6;5122731.96;1157.89
1186;404609.14;5122733.19;1157.8
2195;404610.37;5122733.59;1157.85
3540;404607.25;5122743.15;1160.16
2483;404639.34;5122552.67;1222.0
5098;404630.88;5122551.64;1226.34
1352;404626.16;5122551.47;1229.53
6826;404633.69;5122541.16;1224.43
7544;404627.39;5122547.44;1229.6
309;404628.82;5122547.05;1229.45
1682;404624.78;5122543.56;1232.64
2251;404628.76;5122545.82;1228.38
5130;404627.24;5122545.55;1227.62
1673;404630.37;5122540.11;1227.18
7514;404629.65;5122536.4;1227.78
836;404628.84;5122535.93;1228.3
6393;404631.64;5122534.25;1228.13
1690;404626.99;5122542.12;1231.58
6175;404621.79;5122546.54;1235.6
4744;404628.43;5122530.25;1231.16
6940;404627.91;5122526.55;1231.23
4138;404625.29;5122523.05;1232.48
827;404621.52;5122527.24;1236.28
5172;404618.81;5122538.98;1238.63
4910;404615.43;5122538.8;1240.35
4350;404613.65;5122540.85;1239.57
1545;404614.23;5122545.58;1240.24
3006;404610.39;5122546.05;1243.05
6121;404607.5;5122544.58;1243.98
4987;404607.94;5122539.51;1245.06
2123;404607.4;5122531.82;1244.92
2967;404603.74;5122532.21;1246.8
3716;404607.07;5122522.44;1244.43
3233;404600.23;5122528.7;1250.68
6656;404604.23;5122509.05;1248.88
6763;404601.78;5122503.81;1250.65
7088;404602.09;5122500.3;1248.09
395;404596.6;5122508.81;1251.28
851;404620.52;5122549.54;1232.86
4624;404620.17;5122553.61;1232.14
3038;404621.32;5122554.27;1232.38
4783;404620.13;5122557.54;1233.51
5187;404618.82;5122560.48;1234.55
196;404619.26;5122562.77;1234.06
1486;404617.55;5122567.22;1234.48
3868;404618.7;5122568.59;1234.51
4178;404618.1;5122573.46;1234.85
583;404617.14;5122576.82;1234.85
4964;404612.33;5122577.75;1236.07
6694;404611.38;5122575.01;1235.56
2249;404611.69;5122578.78;1235.37
1527;404608.36;5122573.26;1235.32
3107;404607.63;5122572.21;1236.25
656;404606.14;5122571.05;1235.95
6228;404608.78;5122580.74;1236.65
2705;404603.85;5122587.78;1239.78
2820;404605.35;5122587.65;1240.83
482;404606.93;5122591.2;1242.56
2744;404603.76;5122593.18;1243.22
3649;404603.25;5122593.41;1243.57
7318;404602.43;5122595.93;1243.8
1120;404600.47;5122600.32;1245.0
6457;404595.07;5122609.68;1245.95
1796;404595.37;5122615.25;1247.45
4541;404595.1;5122616.07;1249.8
5379;404594.95;5122616.93;1251.59
117;404594.51;5122620.55;1251.91
5661;404596.39;5122620.11;1252.58
2901;404598.35;5122621.34;1253.76
1746;404599.21;5122621.27;1253.71
5149;404598.99;5122618.24;1254.82
4315;404601.08;5122615.75;1253.3
3509;404601.42;5122612.48;1255.27
5375;404636.51;5122534.52;1220.58
5683;404641.29;5122531.86;1224.0
3213;404641.42;5122535.56;1224.92
4114;404647.08;5122525.37;1226.56
5745;404649.69;5122526.48;1228.14
6506;404648.82;5122529.95;1228.71
2236;404653.08;5122532.31;1229.66
6288;404660.48;5122535.01;1229.66
5400;404664.72;5122536.47;1229.26
5966;404664.57;5122534.41;1228.59
1662;404664.74;5122536.35;1229.46
4920;404667.63;5122534.62;1229.65
7019;404666.04;5122530.74;1236.32
5886;404667.65;5122528.95;1237.2
4423;404672.97;5122527.42;1237.88
1403;404678.47;5122524.25;1237.88
4400;404679.09;5122521.95;1237.71
1228;404681.15;5122510.24;1238.33
194;404681.61;5122503.69;1237.53
2593;404686.85;5122501.25;1237.02
3937;404685.81;5122500.13;1237.77
2722;404685.81;5122493.35;1241.68
4327;404686.01;5122491.0;1241.6
2391;404687.89;5122487.32;1242.33
3122;404689.5;5122483.7;1241.27
4049;404691.11;5122482.2;1240.72
2580;404695.62;5122477.36;1242.25
2531;404697.27;5122475.97;1242.25
4349;404698.75;5122471.67;1242.25
5732;404699.77;5122470.81;1242.01
6291;404700.76;5122468.69;1242.01
6516;404701.41;5122466.57;1241.89
5955;404706.28;5122464.09;1241.51
3103;404707.98;5122456.75;1241.51
7084;404710.24;5122452.49;1240.75
3130;404709.8;5122450.86;1241.17
865;404711.28;5122449.44;1242.5
6204;404710.42;5122444.04;1241.34
1485;404714.68;5122442.33;1241.42
1619;404715.31;5122437.82;1241.18
831;404714.9;5122434.47;1241.3
4472;404718.85;5122428.84;1241.3
1616;404718.79;5122425.79;1241.46
2146;404720.06;5122423.6;1242.04
3028;404723.16;5122422.01;1240.42
1552;404724.98;5122418.28;1241.53
7470;404726.67;5122416.34;1241.89
7400;404726.67;5122409.82;1241.21
721;404727.14;5122407.4;1241.6
4084;404726.01;5122404.12;1242.08
4825;404729.24;5122404.72;1242.45
6356;404726.01;5122404.12;1244.43
2528;404726.08;5122400.41;1241.89
4126;404725.21;5122410.65;1245.01
3400;404728.68;5122397.52;1242.23
7065;404724.76;5122391.26;1243.8
3563;404722.67;5122382.2;1244.12
5125;404722.04;5122377.07;1245.23
5131;404722.89;5122375.15;1245.26
3659;404719.8;5122369.32;1245.38
7235;404721.54;5122372.01;1245.32
4361;404720.58;5122368.67;1245.08
5851;404717.21;5122361.09;1244.93
1565;404720.8;5122361.15;1244.81
4380;404719.56;5122356.82;1244.89
4880;404718.99;5122350.25;1244.77
7156;404723.0;5122347.44;1244.94
5183;404722.66;5122343.53;1245.15
6157;404724.38;5122340.67;1246.36
4027;404724.38;5122337.14;1245.68
5756;404725.28;5122334.18;1245.84
6582;404725.17;5122332.11;1246.85
4748;404724.23;5122331.11;1246.6
4026;404725.66;5122329.58;1246.42
1583;404727.78;5122329.2;1246.72
2975;404724.71;5122332.06;1249.45
3784;404728.95;5122331.84;1251.16
1523;404731.88;5122329.87;1249.28
379;404731.34;5122331.73;1247.97
6327;404731.58;5122333.97;1246.67
2982;404730.11;5122339.45;1246.67
5079;404729.97;5122400.12;1241.71
3548;404731.34;5122397.3;1240.87
6722;404732.05;5122390.61;1241.22
3827;404727.54;5122385.23;1240.61
3160;404730.17;5122379.32;1241.87
0;404729.87;5122375.92;1241.26
5225;404733.09;5122371.81;1241.81
3307;404735.93;5122371.31;1240.99
4868;404736.68;5122360.54;1239.28
6281;404737.91;5122356.53;1240.24
1818;404738.64;5122350.57;1239.82
5999;404668.36;5122532.5;1229.69
5288;404653.77;5122653.87;1209.07
966;404657.18;5122658.08;1208.78
4033;404658.88;5122661.9;1208.34
3807;404661.09;5122662.29;1208.5
3101;404635.71;5122683.0;1213.05
6282;404638.96;5122676.35;1211.76
4529;404629.51;5122681.12;1211.66
4741;404640.2;5122685.27;1212.75
2791;404642.36;5122679.62;1212.87
4633;404641.48;5122677.88;1211.67
3538;404625.9;5122685.74;1212.91
940;404627.93;5122688.7;1236.63
3493;404629.17;5122698.79;1239.83
291;404642.62;5122706.75;1244.19
954;404650.65;5122718.06;1244.92
5045;404660.39;5122725.48;1244.51
6663;404661.87;5122727.36;1246.51
6811;404672.63;5122735.55;1252.57
2573;404676.71;5122740.21;1249.05
6685;404666.68;5122747.66;1258.76
689;404674.35;5122737.64;1245.84
260;404674.33;5122737.66;1242.98
4262;404673.95;5122738.09;1242.99
5349;404673.93;5122738.1;1240.07
4820;404673.95;5122738.09;1249.65
6529;404673.95;5122738.09;1232.71
4569;404675.66;5122739.64;1239.72
2062;404681.84;5122741.98;1241.56
2390;404689.32;5122747.01;1246.3
2140;404696.29;5122751.89;1249.17
4272;404702.83;5122752.05;1250.03
4338;404704.42;5122751.78;1260.43
1620;404703.49;5122750.51;1262.02
6911;404704.81;5122752.0;1263.18
4058;404704.87;5122750.32;1265.23
6769;404701.37;5122745.08;1265.27
184;404695.41;5122747.37;1268.52
3521;404700.98;5122745.31;1296.11
1334;404706.66;5122744.98;1274.9
3798;404708.39;5122744.24;1271.04
3995;404707.31;5122742.38;1270.78
3123;404710.44;5122738.38;1275.68
4463;404714.84;5122735.4;1280.15
267;404715.0;5122733.23;1281.4
1993;404717.64;5122731.24;1281.93
4647;404700.96;5122745.33;1300.25
2945;404701.64;5122754.86;1325.55
1894;404701.46;5122754.97;1345.99
4565;404700.35;5122757.96;1344.6
4274;404701.43;5122759.82;1345.49
4006;404698.72;5122763.14;1346.26
3710;404700.05;5122763.84;1346.79
7144;404699.63;5122764.32;1349.09
1095;404700.01;5122763.64;1351.61
5844;404699.98;5122763.66;1358.06
3941;404701.05;5122763.58;1362.24
2324;404702.32;5122764.75;1363.83
1492;404701.92;5122766.43;1366.28
1811;404697.65;5122773.67;1365.48
4167;404698.16;5122777.11;1372.88
537;404704.63;5122783.83;1383.52
3088;404702.44;5122787.89;1383.55
2476;404707.09;5122790.65;1377.53
2274;404701.59;5122797.14;1373.89
3699;404701.14;5122797.41;1407.53
1157;404698.24;5122799.82;1407.55
5864;404698.18;5122799.85;1417.29
4285;404688.22;5122808.15;1418.55
3430;404687.35;5122807.44;1418.6
3653;404682.9;5122815.01;1422.53
4318;404681.34;5122816.85;1421.68
6837;404681.88;5122817.18;1429.69
6268;404679.24;5122819.81;1429.97
774;404679.74;5122821.76;1430.09
2232;404678.64;5122823.65;1429.72
3977;404676.96;5122823.69;1433.43
2574;404675.1;5122824.37;1433.61
555;404675.67;5122825.27;1435.15
3527;404676.12;5122825.99;1439.99
3951;404677.7;5122830.26;1441.86
5377;404672.4;5122835.18;1443.17
1279;404667.48;5122843.5;1440.36
4405;404663.58;5122845.41;1438.75
5099;404661.39;5122847.52;1436.34
4534;404661.93;5122852.44;1439.1
4090;404655.39;5122858.09;1452.42
2357;404650.87;5122856.92;1464.82
3252;404650.06;5122862.97;1466.48
494;404653.52;5122862.5;1468.55
566;404656.47;5122858.67;1472.03
1707;404652.54;5122865.63;1466.23
2844;404649.72;5122874.46;1465.51
1341;404649.7;5122875.04;1490.37
6830;404649.69;5122875.36;1508.7
6170;404650.56;5122875.66;1509.09
180;404653.22;5122877.11;1510.04
1819;404654.18;5122870.61;1511.03
515;404653.68;5122876.73;1516.56
5160;404656.92;5122879.43;1522.28
3484;404659.38;5122878.49;1520.56
7048;404661.69;5122881.88;1518.85
1113;404658.51;5122883.3;1521.36
5302;404657.86;5122885.25;1523.41
1329;404660.21;5122887.57;1519.76
5555;404658.42;5122890.55;1528.81
2728;404657.37;5122886.89;1518.84
4801;404658.29;5122892.95;1528.77
3066;404659.21;5122894.21;1528.41
5668;404659.21;5122894.21;1534.51
3971;404659.67;5122897.13;1532.2
7272;404660.58;5122898.58;1530.24
1078;404660.08;5122899.44;1531.02
3593;404660.83;5122899.49;1530.34
4524;404660.83;5122899.49;1527.46
5905;404661.22;5122900.26;1517.63
6539;404664.31;5122897.92;1504.96
2980;404666.71;5122899.2;1504.38
4014;404668.68;5122900.91;1502.62
5734;404667.28;5122900.72;1501.66
451;404666.44;5122904.51;1498.66
4171;404669.05;5122899.07;1498.34
4061;404657.21;5122886.99;1537.97
4723;404652.8;5122886.13;1541.37
2919;404659.43;5122887.36;1537.83
959;404650.91;5122885.29;1541.23
2735;404654.87;5122869.25;1530.69
3950;404654.87;5122869.25;1537.95
2738;404658.11;5122869.7;1541.48
650;404657.47;5122873.74;1542.81
4372;404659.65;5122874.58;1544.85
5132;404663.04;5122877.86;1547.68
5748;404666.3;5122878.37;1550.44
614;404668.64;5122879.32;1553.92
6104;404650.04;5122881.82;1541.6
1560;404650.89;5122881.69;1540.23
2198;404649.68;5122881.15;1539.9
4878;404648.99;5122880.2;1539.14
56;404651.39;5122878.26;1538.65
2669;404651.46;5122874.41;1539.06
3955;404651.46;5122874.41;1530.5
7204;404654.66;5122874.41;1530.5
4774;404646.96;5122874.41;1530.5
4533;404651.46;5122866.98;1530.5
6956;404659.19;5122889.4;1538.79
861;404658.14;5122889.72;1543.03
3506;404657.26;5122889.63;1547.02
1446;404659.82;5122889.92;1548.09
7538;404659.0;5122888.15;1545.86
5331;404661.6;5122889.74;1551.72
5229;404665.02;5122888.3;1551.94
6087;404668.39;5122892.27;1556.53
2469;404670.38;5122891.43;1559.27
2103;404670.86;5122894.09;1560.27
59;404673.59;5122900.47;1563.86
3189;404673.31;5122904.96;1571.02
6906;404673.95;5122904.04;1571.34
6877;404671.65;5122902.49;1573.76
2597;404677.1;5122904.42;1572.75
4739;404681.52;5122906.75;1576.33
837;404665.98;5122886.93;1551.59
5932;404666.89;5122885.58;1550.18
3570;404664.87;5122882.71;1555.02
2124;404667.74;5122883.47;1568.97
6369;404668.64;5122889.15;1566.65
2874;404668.64;5122889.15;1573.03
813;404667.56;5122890.48;1573.86
5466;404668.92;5122891.94;1574.92
5561;404669.68;5122893.19;1576.44
3067;404672.75;5122894.75;1576.74
5434;404666.2;5122900.28;1573.24
6593;404676.98;5122907.96;1567.49
5538;404674.62;5122910.09;1563.84
6146;404672.79;5122910.86;1558.92
7301;404671.92;5122913.91;1559.09
122;404670.39;5122914.49;1557.0
1141;404673.36;5122913.7;1550.42
588;404674.24;5122910.63;1540.59
6487;404671.59;5122911.86;1541.21
1104;404670.37;5122907.71;1530.2
1194;404675.58;5122906.36;1542.65
46;404670.56;5122908.93;1529.63
2752;404664.13;5122908.48;1523.82
6632;404669.83;5122906.52;1518.7
4614;404669.68;5122907.52;1515.4
1737;404667.81;5122903.17;1512.44
1292;404671.09;5122901.64;1510.75
430;404665.32;5122905.4;1506.63
5513;404675.72;5122900.4;1505.24
670;404681.62;5122898.13;1498.69
5284;404682.03;5122907.77;1578.49
3585;404684.15;5122910.75;1581.28
264;404685.99;5122910.73;1581.86
1297;404687.66;5122911.65;1582.39
2842;404687.62;5122915.28;1584.41
1582;404686.13;5122916.29;1586.14
209;404686.99;5122919.92;1587.81
3389;404686.47;5122920.87;1590.46
5106;404685.59;5122922.9;1592.81
739;404684.97;5122924.49;1592.91
114;404688.45;5122929.43;1594.13
2702;404688.88;5122927.86;1594.4
826;404688.97;5122929.44;1593.19
135;404686.86;5122929.57;1594.27
7224;404684.84;5122933.64;1595.85
3821;404688.14;5122933.43;1593.78
4204;404688.41;5122938.11;1597.33
467;404688.76;5122935.16;1593.84
3676;404691.79;5122938.37;1597.77
2083;404693.32;5122939.83;1597.56
2677;404698.12;5122936.34;1597.18
772;404696.51;5122934.34;1597.79
4461;404692.25;5122934.94;1598.63
6480;404694.97;5122940.29;1595.85
224;404692.25;5122934.94;1591.83
4787;404691.2;5122931.72;1593.13
2423;404691.74;5122928.67;1591.48
3117;404691.74;5122924.82;1591.48
6061;404695.3;5122925.2;1590.65
5743;404696.33;5122921.35;1588.96
5615;404699.54;5122919.78;1582.78
1450;404698.72;5122918.61;1582.08
5156;404698.72;5122918.61;1573.25
602;404697.65;5122916.96;1572.61
7158;404700.87;5122913.12;1569.95
6523;404701.2;5122910.48;1570.41
4477;404701.2;5122910.48;1557.81
1314;404699.4;5122909.44;1559.27
3295;404699.4;5122909.44;1549.02
5698;404698.57;5122910.05;1549.2
7353;404698.05;5122905.85;1547.04
5933;404695.43;5122903.23;1546.46
2926;404694.32;5122903.33;1546.73
4772;404693.15;5122902.39;1546.36
6148;404691.8;5122902.89;1545.68
4238;404690.64;5122901.45;1545.68
7259;404691.71;5122900.34;1544.76
5855;404689.06;5122898.56;1544.53
2353;404689.3;5122897.61;1544.93
5043;404689.13;5122895.27;1544.93
5928;404690.38;5122894.55;1544.34
6486;404690.38;5122894.55;1529.03
702;404688.47;5122891.62;1529.28
2689;404688.47;5122891.62;1519.28
5731;404689.75;5122890.88;1519.9
5257;404687.77;5122887.94;1519.9
7546;404687.51;5122882.5;1519.9
6105;404687.22;5122881.78;1519.9
6169;404688.24;5122881.02;1519.11
4055;404687.29;5122875.61;1518.82
5995;404685.9;5122877.59;1517.31
6941;404685.0;5122878.11;1517.2
2627;404683.77;5122880.87;1514.07
7004;404687.09;5122877.55;1512.36
4875;404685.5;5122879.87;1513.93
6139;404694.92;5122940.33;1605.59
6998;404694.47;5122943.33;1606.14
3086;404693.56;5122943.61;1606.52
4224;404692.14;5122947.89;1607.5
5337;404693.5;5122949.81;1607.52
6681;404693.1;5122950.34;1608.12
1791;404692.44;5122950.38;1608.79
2348;404692.26;5122954.41;1607.74
354;404691.67;5122957.09;1607.81
7263;404690.41;5122957.53;1607.79
2999;404690.59;5122959.93;1608.19
4511;404690.23;5122960.56;1608.88
4218;404690.76;5122962.66;1609.05
6862;404692.8;5122963.01;1607.91
3524;404690.1;5122962.28;1610.8
201;404691.47;5122966.78;1607.86
3970;404690.99;5122968.95;1608.42
392;404687.33;5122969.36;1608.13
5765;404685.74;5122970.07;1610.87
6524;404686.92;5122973.24;1610.89
3963;404684.51;5122973.81;1610.91
2313;404684.48;5122973.83;1617.25
6879;404683.54;5122976.35;1616.19
2685;404684.56;5122978.7;1616.7
1253;404683.45;5122981.14;1615.59
3007;404681.94;5122984.48;1615.68
146;404681.92;5122986.2;1615.48
4967;404681.55;5122986.69;1615.66
538;404681.54;5122986.7;1618.09
325;404679.88;5122989.32;1619.29
3862;404682.48;5122993.98;1620.66
1997;404682.84;5122994.67;1617.8
5817;404682.76;5122994.72;1630.94
7355;404683.81;5122994.34;1630.95
6949;404687.38;5122986.09;1630.07
6387;404692.79;5122982.15;1626.03
4525;404692.77;5122982.16;1629.07
733;404695.27;5122982.53;1628.54
916;404692.21;5122981.93;1628.54
4549;404694.34;5122987.08;1629.22
2699;404694.24;5122990.74;1630.94
2275;404701.75;5122992.86;1629.04
6704;404707.13;5122994.25;1632.47
352;404702.22;5122992.89;1635.07
825;404701.01;5122993.16;1634.8
874;404700.98;5122993.18;1640.26
3329;404701.4;5122994.28;1641.07
3442;404705.95;5122994.63;1638.64
4826;404708.03;5122994.65;1638.66
86;404708.01;5122993.49;1638.77
1052;404709.5;5122992.23;1641.16
3039;404712.29;5122991.76;1641.17
945;404714.26;5122988.3;1641.27
2984;404714.05;5122987.2;1641.38
2032;404727.46;5122988.58;1641.54
2463;404728.5;5122982.26;1641.59
789;404726.58;5122979.02;1642.62
1168;404726.55;5122976.38;1643.01
5807;404724.64;5122973.16;1643.03
4021;404725.06;5122970.61;1645.67
5121;404722.17;5122969.86;1645.43
5636;404722.95;5122968.93;1647.6
2072;404722.09;5122964.4;1646.39
5592;404722.57;5122958.17;1647.55
2858;404718.23;5122958.95;1648.35
3435;404718.23;5122959.2;1657.88
686;404718.21;5122959.38;1665.12
2508;404718.12;5122959.59;1672.8
2133;404718.12;5122959.6;1683.29
6193;404719.21;5122955.41;1686.39
6045;404721.16;5122957.8;1686.36
3258;404718.8;5122957.75;1685.87
793;404737.44;5122953.38;1682.93
5060;404718.15;5122959.42;1685.6
7539;404717.61;5122963.74;1680.94
6884;404716.43;5122963.47;1639.76
6507;404716.19;5122963.41;1622.28
2256;404715.93;5122945.73;1622.74
3235;404714.61;5122941.87;1618.31
280;404714.56;5122941.85;1613.53
3574;404713.62;5122937.44;1612.09
1730;404715.36;5122932.34;1607.07
3732;404717.04;5122925.96;1606.98
5568;404717.44;5122924.73;1597.6
6661;404717.04;5122925.96;1589.78
5687;404718.46;5122921.18;1596.27
3820;404716.41;5122921.58;1594.18
5951;404720.73;5122920.59;1599.37
4254;404716.8;5122920.77;1589.55
7497;404717.33;5122917.8;1587.27
3408;404721.14;5122914.72;1587.19
5048;404720.67;5122912.53;1585.68
2272;404721.6;5122908.13;1584.48
6588;404721.98;5122903.47;1602.84
2058;404723.97;5122890.59;1603.16
247;404721.7;5122891.02;1602.96
3584;404720.27;5122893.06;1602.26
5913;404720.15;5122893.04;1590.97
1972;404722.64;5122890.37;1583.94
6229;404720.61;5122889.21;1560.45
5787;404716.62;5122888.07;1560.74
5409;404713.11;5122886.38;1558.55
4464;404712.31;5122888.99;1558.66
4153;404709.95;5122891.29;1532.96
4480;404699.87;5122894.58;1531.57
3474;404699.57;5122894.51;1511.71
1532;404699.89;5122890.79;1513.15
6333;404699.29;5122888.17;1512.59
2266;404699.13;5122888.13;1498.8
1792;404698.81;5122888.06;1478.24
5111;404698.56;5122888.0;1460.21
3785;404698.39;5122887.97;1445.9
85;404697.52;5122883.5;1445.92
2005;404685.32;5122881.54;1445.58
4706;404684.73;5122881.9;1445.25
1697;404684.54;5122881.85;1429.79
971;404678.22;5122879.2;1427.26
4639;404673.5;5122877.85;1425.13
5396;404673.37;5122877.82;1412.94
6955;404670.78;5122880.33;1414.61
6706;404669.66;5122880.13;1412.38
372;404669.1;5122880.0;1384.47
2180;404669.0;5122879.98;1374.25
1821;404664.82;5122879.24;1374.22
6796;404668.96;5122879.97;1378.0
4992;404658.1;5122881.55;1377.51
6484;404656.53;5122890.82;1381.56
5701;404653.71;5122891.01;1380.62
1477;404641.69;5122891.33;1367.49
2773;404639.3;5122887.78;1364.92
3259;404637.4;5122892.2;1370.62
628;404637.84;5122885.91;1364.33
5616;404641.42;5122884.09;1363.26
5503;404641.96;5122882.22;1358.44
423;404641.96;5122874.97;1355.06
1390;404632.09;5122884.08;1366.07
5692;404629.03;5122883.43;1365.48
2501;404626.96;5122884.73;1365.62
3148;404626.93;5122884.73;1366.41
2121;404623.98;5122885.07;1364.3
1364;404622.25;5122883.6;1362.97
1516;404619.83;5122884.27;1361.38
4823;404616.79;5122879.38;1353.49
5847;404618.44;5122873.54;1352.22
2160;404620.63;5122874.34;1352.36
6608;404621.1;5122874.51;1350.5
1625;404619.51;5122871.22;1344.62
2504;404622.97;5122868.98;1346.51
6729;404622.56;5122867.23;1344.15
7174;404622.51;5122867.21;1338.55
1686;404621.03;5122862.06;1338.19
3106;404620.14;5122857.49;1336.35
722;404618.68;5122853.83;1334.02
4077;404625.99;5122847.36;1318.85
3234;404629.18;5122850.08;1320.25
5948;404630.99;5122849.39;1316.65
6502;404632.86;5122844.21;1313.86
7343;404634.99;5122843.04;1314.53
6733;404638.58;5122848.14;1313.89
6698;404641.15;5122849.46;1313.69
1072;404643.41;5122849.69;1313.9
2264;404642.77;5122849.54;1283.92
6415;404642.37;5122847.06;1284.99
7024;404662.39;5122877.9;1372.75
6213;404657.4;5122877.38;1365.84
6140;404660.48;5122875.53;1361.25
1592;404657.61;5122873.39;1363.15
4629;404658.58;5122870.42;1361.88
2415;404655.01;5122862.76;1359.54
6408;404653.52;5122862.25;1359.4
5649;404655.24;5122858.54;1359.47
880;404653.28;5122857.66;1358.77
3460;404650.11;5122859.49;1357.44
7513;404737.52;5122953.48;1698.17
6678;404737.28;5122951.86;1698.18
4308;404743.82;5122951.83;1698.54
5295;404743.85;5122951.87;1705.45
3831;404745.71;5122953.55;1708.72
278;404748.74;5122955.69;1706.17
2221;404748.76;5122955.71;1709.64
2334;404750.78;5122956.71;1712.59
3497;404748.72;5122957.75;1714.68
175;404745.65;5122956.0;1715.85
2555;404745.37;5122954.63;1716.08
7039;404753.83;5122955.16;1709.22
3242;404745.65;5122956.0;1722.41
4803;404748.9;5122955.74;1715.15
881;404749.73;5122956.37;1722.16
4749;404752.95;5122957.79;1722.3
1637;404754.67;5122956.11;1722.49
7185;404756.32;5122956.95;1718.68
4923;404758.25;5122957.71;1725.23
4429;404756.4;5122954.82;1715.94
3183;404756.4;5122954.82;1699.54
5236;404758.87;5122958.17;1730.29
5575;404759.65;5122958.76;1724.56
7164;404760.99;5122959.26;1731.16
1109;404757.4;5122961.29;1725.38
2740;404757.68;5122961.17;1719.66
4745;404754.2;5122965.25;1721.09
7550;404753.55;5122963.96;1721.71
7122;404748.11;5122964.37;1722.79
3146;404748.14;5122964.4;1728.11
1082;404754.92;5122964.76;1722.33
533;404748.62;5122970.58;1731.95
2729;404748.87;5122970.91;1760.17
2876;404747.89;5122971.57;1760.97
7165;404750.04;5122962.2;1757.07
913;404750.07;5122962.23;1764.27
2915;404751.39;5122961.43;1766.57
36;404745.17;5122973.12;1769.63
1032;404747.02;5122971.74;1759.84
4528;404756.46;5122958.0;1768.94
710;404742.52;5122970.7;1758.6
3740;404737.72;5122970.53;1742.92
3863;404731.34;5122966.85;1737.94
4901;404731.14;5122965.37;1737.94
5468;404730.28;5122964.91;1728.69
5164;404724.6;5122961.5;1725.88
2981;404724.02;5122960.75;1721.79
5301;404719.51;5122960.67;1720.14
2625;404715.4;5122961.77;1719.47
3003;404715.4;5122961.77;1712.67
7388;404704.75;5122960.65;1708.77
5982;404756.48;5122958.03;1773.35
1681;404763.31;5122957.4;1773.02
4675;404763.33;5122957.43;1777.99
2883;404767.35;5122956.55;1778.72
7113;404767.81;5122958.11;1777.69
2196;404769.91;5122958.97;1778.83
7149;404769.93;5122959.01;1784.92
2116;404770.13;5122961.15;1786.71
292;404770.15;5122961.17;1788.93
1886;404774.21;5122957.85;1788.77
4899;404776.82;5122956.57;1789.55
5246;404780.35;5122957.74;1790.34
4025;404786.91;5122960.59;1794.93
3303;404792.06;5122962.51;1797.95
7341;404755.92;5122962.29;1720.68
3635;404755.3;5122962.98;1718.48
857;404761.36;5122967.63;1718.91
5338;404762.41;5122968.4;1711.0
1968;404762.44;5122964.59;1712.68
7044;404760.81;5122958.84;1709.79
2642;404758.9;5122959.03;1706.53
2318;404767.48;5122959.94;1732.91
1755;404765.03;5122962.23;1737.7
4005;404765.03;5122962.23;1746.32
5423;404768.2;5122962.56;1745.53
3027;404769.5;5122958.55;1743.65
2848;404772.13;5122957.89;1745.69
3817;404773.65;5122958.42;1746.86
7072;404774.4;5122956.82;1747.64
620;404785.4;5122953.87;1759.86
7378;404786.64;5122953.51;1762.89
6840;404790.76;5122953.95;1765.9
2026;404794.2;5122952.9;1766.09
1557;404795.71;5122953.11;1766.47
6817;404798.53;5122952.81;1767.62
2063;404799.23;5122954.74;1768.28
4755;404801.48;5122956.57;1770.25
665;404802.38;5122957.91;1768.9
2431;404802.59;5122959.41;1768.06
6719;404801.98;5122963.75;1768.52
4215;404799.0;5122963.54;1768.67
2402;404800.58;5122967.1;1773.16
5296;404801.19;5122968.35;1773.28
7277;404800.36;5122969.41;1773.94
3472;404799.94;5122969.95;1774.41
7508;404801.43;5122971.28;1773.4
6286;404801.58;5122972.03;1772.69
6709;404801.32;5122973.09;1772.45
6469;404803.1;5122975.47;1774.46
1395;404803.75;5122977.88;1773.24
3100;404806.79;5122978.15;1776.41
897;404812.09;5122977.5;1778.35
7002;404814.99;5122981.21;1779.88
511;404765.81;5122959.37;1731.24
4828;404766.62;5122961.21;1737.07
7511;404759.04;5122960.14;1740.17
1970;404760.29;5122957.79;1743.34
5560;404757.18;5122956.64;1740.31
2027;404761.36;5122959.64;1744.68
2407;404758.49;5122953.95;1738.65
7219;404755.08;5122954.99;1740.47
1539;404746.34;5122958.99;1721.7
1635;404750.79;5122963.76;1725.17
472;404750.67;5122965.12;1728.38
3562;404752.0;5122968.77;1728.04
7436;404683.42;5122935.53;1592.51
2976;404684.05;5122933.0;1591.76
2151;404671.92;5122734.84;1252.87
3212;404668.76;5122735.09;1232.71
2177;404665.63;5122733.14;1230.83
2412;404662.97;5122730.49;1230.17
1289;404662.97;5122730.49;1225.49
805;404658.66;5122728.2;1227.76
2394;404663.73;5122758.21;1259.21
572;404656.89;5122764.09;1259.41
3050;404651.57;5122787.97;1261.18
947;404653.07;5122795.01;1262.52
1576;404654.98;5122806.63;1264.84
98;404662.87;5122806.03;1267.08
6460;404668.41;5122795.41;1264.94
1992;404664.5;5122807.58;1262.99
1160;404659.36;5122813.11;1264.52
4856;404646.57;5122825.98;1265.65
3587;404639.26;5122843.98;1264.8
1536;404628.06;5122841.58;1259.53
6081;404621.36;5122659.03;1238.42
5464;404614.09;5122663.75;1236.89
2242;404606.43;5122657.32;1236.89
2443;404615.57;5122665.18;1235.61
2409;404613.73;5122664.88;1233.99
1753;404611.05;5122664.79;1233.89
5785;404609.31;5122662.22;1233.4
4043;404609.69;5122659.55;1233.31
1501;404608.23;5122659.29;1233.18
6912;404606.68;5122656.11;1232.81
4940;404605.4;5122655.34;1231.31
3665;404605.64;5122654.36;1230.34
6974;404604.83;5122652.26;1229.38
5697;404602.96;5122649.02;1227.8
5680;404602.77;5122649.36;1227.83
1366;404605.63;5122645.95;1226.64
3772;404606.41;5122643.81;1224.01
3016;404606.41;5122643.81;1199.36
5848;404609.67;5122643.81;1198.67
2533;404614.19;5122640.01;1197.63
7248;404614.43;5122641.33;1197.51
23;404616.16;5122640.7;1197.19
1108;404617.14;5122644.12;1196.88
4991;404615.14;5122646.05;1197.12
7131;404613.92;5122649.42;1196.29
6553;404612.36;5122649.98;1195.82
4832;404611.69;5122654.25;1195.82
1007;404610.77;5122654.97;1195.39
5927;404605.56;5122656.86;1194.31
4377;404604.98;5122660.95;1194.46
7434;404603.66;5122662.71;1193.7
3001;404603.56;5122663.32;1193.66
6257;404600.63;5122667.53;1193.39
3877;404599.02;5122668.14;1192.22
5287;404598.3;5122671.23;1193.2
855;404596.65;5122673.68;1192.73
3766;404592.36;5122673.0;1191.06
875;404590.59;5122673.58;1191.32
4228;404588.71;5122674.26;1191.25
942;404584.81;5122681.3;1191.11
2857;404583.55;5122684.14;1190.78
3712;404582.53;5122686.52;1189.58
3638;404581.75;5122690.53;1188.93
4122;404580.38;5122691.08;1188.39
2818;404579.4;5122693.91;1188.13
5981;404578.12;5122694.38;1188.32
1530;404578.67;5122696.06;1188.16
1193;404577.78;5122698.98;1190.46
7137;404574.19;5122706.01;1189.77
7456;404571.19;5122708.54;1188.94
2216;404569.6;5122707.69;1188.84
3392;404566.56;5122709.52;1188.72
2225;404564.44;5122708.19;1187.91
5989;404563.45;5122708.37;1187.52
1142;404558.2;5122710.93;1187.01
2592;404560.2;5122714.13;1186.41
3486;404558.61;5122715.78;1184.98
6634;404555.48;5122715.23;1184.31
6438;404553.34;5122713.89;1184.22
45;404552.47;5122711.61;1185.06
3541;404550.34;5122711.84;1185.06
946;404547.1;5122710.85;1184.09
7319;404545.55;5122712.64;1185.0
1671;404539.87;5122718.52;1183.11
5758;404536.71;5122722.43;1180.32
918;404528.78;5122727.78;1179.99
2498;404527.34;5122733.57;1180.62
4857;404523.73;5122736.6;1179.35
1423;404527.77;5122745.24;1179.35
2384;404526.3;5122747.79;1179.35
5645;404523.46;5122747.29;1178.19
1666;404522.02;5122748.67;1177.84
1170;404519.97;5122747.34;1176.85
2168;404514.34;5122749.17;1174.93
6740;404510.55;5122746.31;1171.6
6177;404510.34;5122746.49;1171.73
5644;404504.66;5122748.68;1171.73
6035;404501.92;5122748.1;1169.91
4951;404503.97;5122752.99;1169.69
7333;404503.13;5122748.09;1169.92
6501;404500.32;5122750.39;1169.44
3730;404502.65;5122747.9;1172.14
6324;404501.61;5122749.48;1172.99
2176;404497.12;5122754.37;1175.55
1216;404496.46;5122756.68;1176.08
4227;404498.32;5122756.54;1175.95
4073;404496.4;5122757.17;1174.44
169;404496.48;5122758.48;1173.46
199;404498.61;5122757.48;1172.02
4030;404497.34;5122751.51;1172.99
5096;404499.59;5122758.25;1171.14
4333;404495.13;5122755.5;1173.15
1642;404493.12;5122757.82;1170.66
2995;404500.13;5122758.27;1169.98
2782;404501.98;5122755.66;1171.31
5992;404500.54;5122757.98;1169.89
5861;404500.54;5122757.98;1165.69
3483;404501.48;5122758.32;1165.23
754;404498.53;5122761.27;1161.06
4640;404497.66;5122760.77;1160.36
3899;404497.15;5122760.24;1160.64
6937;404494.79;5122757.69;1160.36
4938;404496.97;5122759.68;1160.1
1925;404496.69;5122761.28;1159.51
7206;404496.81;5122762.72;1157.79
3666;404490.37;5122765.72;1148.0
2442;404489.35;5122762.2;1145.43
2229;404489.01;5122760.66;1145.09
1926;404484.12;5122756.96;1144.78
651;404480.82;5122755.06;1144.58
4036;404479.47;5122755.42;1144.58
6381;404477.41;5122754.9;1144.13
608;404478.46;5122746.33;1141.65
1826;404470.23;5122740.12;1136.39
344;404466.18;5122738.88;1135.02
1144;404486.72;5122758.12;1137.42
5542;404478.08;5122763.73;1135.97
5487;404490.61;5122762.68;1156.6
5476;404488.52;5122762.68;1155.63
4072;404634.74;5122662.97;1125.03
3573;404639.44;5122663.3;1126.21
6922;404643.71;5122664.2;1127.29
509;404644.96;5122661.95;1128.78
785;404644.65;5122658.39;1130.08
2529;404644.75;5122655.41;1130.08
3773;404643.37;5122644.16;1130.48
2098;404646.55;5122637.64;1130.48
1979;404644.19;5122641.91;1130.48
3441;404646.29;5122642.47;1130.25
6240;404647.55;5122640.46;1130.93
2721;404649.9;5122639.74;1131.1
2579;404653.02;5122635.59;1130.83
1593;404633.75;5122694.02;1119.81
2041;404637.14;5122692.81;1119.72
4892;404638.91;5122688.63;1119.91
7256;404643.87;5122693.17;1119.59
1879;404640.53;5122699.31;1122.35
6900;404650.32;5122683.96;1119.4
3636;404635.79;5122704.71;1124.72
5083;404638.35;5122703.37;1123.72
3608;404634.58;5122716.41;1129.94
5502;404633.19;5122720.21;1131.72
3058;404628.85;5122721.33;1133.63
3670;404625.19;5122728.26;1134.36
370;404625.65;5122730.51;1134.75
4119;404620.27;5122738.39;1135.29
1295;404617.74;5122737.14;1136.26
2862;404617.65;5122740.18;1136.83
5004;404615.29;5122742.17;1135.93
7160;404615.18;5122745.72;1136.22
252;404614.2;5122750.32;1135.33
4401;404614.05;5122752.45;1135.5
2657;404614.0;5122752.41;1136.17
361;404611.57;5122756.76;1136.12
624;404608.28;5122758.53;1136.35
2064;404608.4;5122760.68;1135.65
4680;404610.05;5122764.24;1138.06
4596;404610.43;5122776.0;1137.01
3239;404608.83;5122769.06;1132.38
595;404602.69;5122767.98;1129.2
6815;404655.96;5122683.26;1119.79
5282;404662.38;5122682.02;1120.95
7265;404665.06;5122678.04;1118.18
5490;404666.96;5122677.23;1117.38
4815;404667.22;5122674.27;1116.48
5362;404677.4;5122664.43;1114.23
6461;404676.42;5122670.0;1115.75
5621;404683.55;5122670.0;1117.52
2904;404687.78;5122672.06;1115.23
4317;404688.51;5122666.16;1114.39
5425;404687.87;5122664.49;1111.02
2736;404688.47;5122661.05;1111.89
3363;404698.64;5122660.68;1110.64
6748;404703.45;5122664.58;1111.08
2502;404696.78;5122657.18;1108.96
3241;404705.91;5122667.51;1111.08
541;404700.11;5122658.2;1108.02
6945;404703.46;5122656.64;1106.68
1808;404711.35;5122660.83;1103.42
6749;404712.14;5122659.95;1103.3
7207;404711.9;5122661.47;1101.87
258;404712.44;5122666.57;1099.14
6429;404712.13;5122668.3;1098.43
2197;404707.25;5122674.79;1094.29
3093;404706.65;5122680.49;1087.92
2495;404700.91;5122685.14;1086.48
3309;404699.84;5122686.79;1083.33
1964;404694.76;5122684.09;1083.13
6793;404689.67;5122691.35;1081.88
4141;404685.17;5122693.85;1080.79
876;404685.17;5122693.85;1080.37
5312;404682.1;5122702.27;1080.21
7081;404678.32;5122704.2;1078.14
6687;404677.98;5122706.34;1077.76
5250;404676.84;5122708.49;1073.36
3688;404675.21;5122716.2;1071.97
6236;404709.16;5122670.66;1108.96
2100;404718.03;5122665.33;1110.05
2487;404718.28;5122660.64;1109.05
426;404718.57;5122662.73;1106.71
5757;404722.36;5122664.26;1106.71
6948;404722.36;5122664.26;1103.21
3251;404722.09;5122660.46;1101.43
5388;404722.41;5122656.84;1096.92
7519;404720.82;5122654.56;1094.33
1034;404721.49;5122653.52;1095.34
1074;404720.85;5122650.74;1094.13
7531;404721.0;5122649.88;1092.55
1122;404721.46;5122647.52;1090.93
3071;404722.59;5122645.56;1091.33
2596;404722.59;5122645.56;1083.13
1385;404722.31;5122664.47;1103.4
5261;404722.9;5122662.4;1102.94
5245;404725.99;5122658.3;1098.32
5177;404724.82;5122656.87;1095.86
6683;404724.31;5122654.47;1091.24
4770;404724.31;5122654.47;1082.34
5006;404724.31;5122654.47;1084.34
231;404723.5;5122649.35;1089.89
2053;404725.83;5122647.66;1088.49
6536;404727.91;5122643.38;1085.74
6251;404727.33;5122639.25;1081.85
160;404725.88;5122638.03;1081.24
1912;404724.79;5122635.69;1076.38
846;404719.29;5122631.69;1073.21
5813;404716.57;5122629.49;1073.21
1857;404716.95;5122623.99;1075.55
5094;404717.2;5122619.31;1075.23
3944;404715.34;5122616.34;1073.29
1636;404709.33;5122617.18;1068.55
2090;404707.45;5122619.35;1070.71
2363;404704.46;5122611.77;1066.04
4467;404701.5;5122615.63;1074.94
4020;404696.68;5122605.31;1076.54
1381;404697.19;5122595.7;1081.87
1942;404699.77;5122592.4;1084.0
5865;404709.07;5122594.55;1086.93
3746;404712.27;5122592.71;1086.21
1875;404712.27;5122592.71;1075.61
3866;404716.42;5122587.59;1076.77
2655;404715.2;5122584.97;1076.98
6091;404709.92;5122584.22;1070.38
4331;404703.18;5122580.94;1071.71
2081;404705.53;5122583.61;1065.95
4024;404701.67;5122581.58;1071.42
6265;404695.68;5122581.48;1071.21
3895;404704.42;5122580.21;1065.95
4440;404704.61;5122576.59;1060.15
5028;404697.88;5122578.15;1056.78
3569;404696.5;5122579.39;1055.79
156;404693.06;5122576.29;1031.99
2120;404692.52;5122577.24;1031.84
5607;404687.7;5122572.07;1029.55
3035;404685.69;5122582.42;1022.16
5699;404697.81;5122569.92;1033.72
6968;404673.64;5122585.42;1018.84
6117;404695.24;5122584.8;1027.4
3692;404674.36;5122577.1;1012.76
4355;404669.19;5122576.37;1011.07
4162;404669.76;5122574.74;1009.99
4535;404664.13;5122580.18;1010.4
1614;404663.08;5122577.71;1006.56
7494;404649.44;5122586.23;1006.28
7499;404643.64;5122589.58;1004.1
2907;404635.29;5122598.52;1003.68
3978;404625.73;5122607.14;999.98
4696;404625.47;5122606.14;998.75
3964;404624.12;5122608.69;999.0
6655;404622.03;5122611.46;997.6
1736;404621.49;5122614.51;997.76
2228;404620.48;5122615.09;998.81
2451;404618.67;5122619.83;992.71
4044;404617.16;5122615.8;1001.19
2301;404617.71;5122622.09;1001.19
1906;404615.87;5122625.03;999.79
2410;404620.46;5122626.35;1001.72
7136;404613.06;5122625.7;998.09
3664;404607.91;5122626.25;997.55
2119;404608.56;5122627.26;997.85
6258;404604.93;5122632.26;997.53
367;404608.79;5122634.22;998.94
2437;404599.99;5122629.4;995.89
6424;404596.95;5122626.25;993.36
765;404598.79;5122626.19;993.89
7124;404598.79;5122626.19;988.23
6485;404599.48;5122624.3;988.23
718;404599.48;5122624.3;978.33
5385;404595.09;5122618.68;979.08
1546;404599.48;5122624.3;970.19
4172;404595.09;5122618.68;971.01
3197;404589.07;5122614.47;970.75
41;404583.63;5122616.23;971.05
1952;404579.15;5122614.14;975.5
172;404574.01;5122616.22;972.92
7031;404573.13;5122618.1;970.44
2447;404573.13;5122618.1;955.44
4610;404569.17;5122620.12;969.25
397;404563.29;5122619.84;955.44
1695;404563.02;5122623.4;969.86
5410;404560.97;5122622.06;965.62
7367;404560.97;5122622.06;957.22
3181;404558.27;5122618.85;957.36
1577;404558.5;5122612.27;951.23
4373;404555.61;5122609.66;949.41
5161;404558.04;5122603.33;949.65
7447;404558.04;5122603.33;945.85
5322;404560.55;5122599.47;945.85
6713;404552.33;5122597.26;944.04
5444;404550.51;5122599.59;943.52
6450;404546.73;5122599.06;942.71
6654;404544.99;5122601.74;941.54
6925;404539.82;5122604.26;940.22
2157;404539.39;5122607.35;936.06
5587;404534.14;5122601.53;933.67
5226;404533.61;5122596.46;933.84
2510;404529.51;5122594.64;932.81
6406;404524.86;5122597.01;929.67
2667;404522.71;5122601.24;928.92
6962;404517.51;5122607.21;922.03
1424;404517.09;5122612.08;920.99
615;404509.1;5122613.63;915.71
2826;404508.77;5122615.97;916.12
648;404505.81;5122617.42;916.24
3605;404499.54;5122623.69;914.19
2911;404500.72;5122626.22;913.95
7431;404497.13;5122633.25;911.07
871;404697.35;5122585.83;1026.54
1143;404699.41;5122586.5;1026.35
6425;404701.74;5122589.85;1027.0
6499;404700.77;5122605.84;1065.67
4718;404705.91;5122601.21;1066.65
5727;404712.7;5122597.13;1067.76
1315;404719.72;5122589.86;1069.18
4242;404723.67;5122583.03;1070.43
4375;404726.41;5122579.52;1068.63
5762;404729.21;5122577.17;1069.68
2559;404732.3;5122577.01;1069.84
6336;404737.51;5122568.66;1067.2
6984;404606.84;5122821.82;1165.73
643;404608.03;5122819.58;1166.76
6451;404608.03;5122819.58;1156.62
4871;404612.56;5122815.21;1157.96
2942;404612.91;5122811.2;1157.82
2952;404612.4;5122808.81;1155.46
1601;404613.7;5122803.22;1155.46
7041;404614.41;5122803.33;1153.35
4002;404613.85;5122800.42;1152.39
6598;404616.44;5122797.75;1153.25
3085;404613.85;5122800.42;1142.52
1476;404613.43;5122803.04;1146.17
4229;404616.67;5122811.06;1146.62
3225;404615.48;5122811.48;1145.3
3744;404617.2;5122819.0;1145.57
7103;404617.85;5122790.47;1152.6
6115;404599.61;5122851.79;1167.55
4289;404613.37;5122868.78;1211.67
4843;404644.37;5122873.89;1240.74
6993;404643.24;5122863.11;1236.79
1368;404639.9;5122852.85;1226.72
5791;404634.73;5122837.85;1217.56
7221;404627.57;5122835.1;1219.05
6568;404638.4;5122839.17;1214.17
1649;404638.97;5122843.85;1212.26
5987;404643.05;5122839.33;1212.19
6923;404636.06;5122840.11;1207.36
4710;404640.83;5122840.23;1209.87
534;404644.33;5122838.74;1209.8
5438;404655.37;5122841.09;1212.62
254;404659.8;5122847.66;1214.16
1761;404657.74;5122834.6;1208.13
3332;404655.61;5122819.49;1208.66
2087;404660.1;5122836.79;1206.11
5517;404661.02;5122839.48;1205.61
6022;404665.5;5122846.64;1208.68
1509;404669.49;5122849.76;1207.6
2237;404673.58;5122866.14;1209.68
1989;404672.8;5122848.94;1207.31
3396;404671.53;5122871.21;1209.96
7422;404670.26;5122877.73;1211.5
1607;404672.62;5122881.24;1212.87
2607;404673.83;5122884.95;1214.53
3768;404676.37;5122887.77;1214.6
4031;404676.78;5122891.13;1215.76
5263;404677.75;5122894.74;1217.84
5110;404676.83;5122898.17;1218.92
28;404672.19;5122853.26;1203.77
1961;404676.6;5122855.6;1195.78
4352;404676.6;5122855.6;1188.91
6699;404678.24;5122854.73;1189.7
5925;404674.28;5122857.5;1188.41
1602;404678.3;5122856.45;1188.15
2581;404675.48;5122854.22;1186.3
1645;404675.48;5122854.22;1178.38
3869;404673.63;5122852.01;1178.08
2306;404673.35;5122856.02;1178.15
3903;404674.48;5122855.8;1176.73
4158;404674.48;5122855.8;1166.85
5201;404678.3;5122856.45;1186.59
1975;404682.74;5122855.26;1185.28
2235;404684.24;5122860.88;1184.67
432;404684.24;5122860.88;1184.12
7074;404685.94;5122866.1;1185.28
582;404684.24;5122860.88;1185.58
2908;404690.05;5122869.8;1186.56
3816;404692.74;5122879.18;1189.73
4998;404689.82;5122877.93;1190.64
1135;404687.8;5122889.39;1189.42
5962;404687.49;5122868.6;1187.52
7006;404690.78;5122892.17;1187.52
3419;404681.94;5122901.95;1192.88
4496;404693.2;5122881.65;1183.16
5619;404693.97;5122884.72;1182.77
302;404694.73;5122894.1;1183.59
1374;404694.04;5122889.05;1180.37
4869;404694.04;5122889.05;1169.54
1840;404699.56;5122904.93;1183.59
2513;404710.43;5122926.27;1194.76
5620;404713.75;5122937.83;1202.28
5595;404723.21;5122944.7;1209.03
2165;404725.14;5122953.79;1214.84
1147;404730.33;5122953.51;1219.2
3954;404729.07;5122963.52;1224.98
3870;404735.63;5122942.13;1212.24
7534;404738.78;5122947.38;1208.99
711;404737.74;5122942.0;1212.68
7283;404737.53;5122939.07;1211.67
5876;404737.43;5122938.37;1211.4
5867;404735.94;5122936.66;1212.05
3571;404734.96;5122935.44;1214.06
3305;404730.81;5122939.04;1217.77
5674;404729.75;5122938.86;1218.86
7170;404727.02;5122936.22;1222.92
3140;404730.32;5122933.14;1222.69
2671;404735.99;5122924.73;1226.58
2020;404739.53;5122912.41;1223.38
1856;404746.38;5122892.53;1211.72
4965;404752.96;5122888.41;1209.04
1258;404755.53;5122884.13;1207.22
743;404761.26;5122878.59;1201.43
7502;404764.47;5122872.8;1195.04
3529;404774.42;5122866.34;1195.67
1887;404786.86;5122866.34;1190.89
6856;404786.29;5122877.32;1200.79
6171;404784.88;5122856.17;1184.66
7110;404788.48;5122888.61;1208.55
1280;404785.88;5122900.83;1216.06
469;404783.77;5122914.2;1221.53
3080;404784.96;5122851.95;1183.61
3282;404786.13;5122848.72;1185.43
2879;404795.05;5122846.66;1186.23
4539;404790.45;5122842.66;1182.27
4392;404800.98;5122849.82;1192.95
6470;404789.32;5122841.1;1179.89
1921;404791.45;5122839.3;1178.87
376;404789.68;5122832.17;1176.2
4411;404789.68;5122832.17;1177.1
445;404798.95;5122823.22;1174.83
1714;404808.93;5122823.05;1177.5
1698;404824.75;5122817.29;1183.3
5493;404840.37;5122813.68;1187.59
2356;404852.0;5122799.32;1187.59
3792;404867.07;5122789.9;1189.15
2720;404871.11;5122790.11;1186.21
3588;404865.93;5122790.02;1179.34
5702;404865.43;5122794.8;1173.81
770;404868.31;5122783.82;1173.35
6319;404864.25;5122795.54;1171.59
3;404864.85;5122799.35;1164.89
2403;404857.33;5122798.16;1154.41
5010;404859.57;5122795.19;1147.4
5802;404857.38;5122789.76;1136.85
4465;404858.55;5122781.49;1124.91
3537;404853.39;5122779.91;1123.46
5351;404853.95;5122771.77;1119.99
7194;404857.58;5122770.58;1119.18
3879;404855.9;5122771.13;1121.04
5611;404860.11;5122770.98;1118.09
4895;404866.85;5122772.42;1120.47
4065;404869.74;5122772.22;1120.06
274;404876.74;5122774.22;1121.74
1596;404889.07;5122775.52;1123.49
1747;404892.21;5122772.48;1124.41
2711;404897.48;5122770.56;1123.32
4894;404904.2;5122769.14;1122.72
2961;404917.18;5122765.66;1122.96
4851;404925.74;5122751.4;1122.67
4194;404928.43;5122748.3;1122.31
4304;404932.2;5122743.65;1123.15
6435;404939.2;5122743.29;1123.27
5294;404947.47;5122741.53;1125.7
7530;404954.1;5122740.36;1126.76
1037;404960.73;5122740.59;1128.3
120;404962.45;5122740.62;1127.8
3956;404967.26;5122736.44;1127.47
769;404973.9;5122729.8;1129.81
934;404979.93;5122726.99;1130.51
3092;404985.35;5122726.52;1132.38
1739;404990.24;5122713.05;1132.88
65;404993.38;5122707.82;1133.09
2786;404996.71;5122698.67;1136.45
2378;404999.67;5122694.28;1135.61
2540;405002.22;5122687.97;1136.81
6841;404995.11;5122675.66;1134.05
2073;404995.11;5122675.66;1133.46
2135;404992.01;5122664.1;1132.2
5788;404989.57;5122660.75;1130.18
2565;404992.11;5122651.29;1130.52
155;404989.73;5122645.69;1130.2
985;405001.15;5122622.29;1130.66
7123;405006.05;5122615.54;1132.58
5625;404990.12;5122623.06;1126.85
6372;405012.05;5122613.12;1132.69
5960;405014.28;5122613.76;1133.1
3423;405026.32;5122613.55;1137.97
559;405036.0;5122608.4;1140.7
5418;405047.82;5122605.45;1141.77
5677;405051.02;5122604.16;1141.04
707;405052.38;5122602.89;1142.38
229;405051.17;5122602.14;1142.82
3230;405054.2;5122602.14;1145.65
1674;405056.23;5122600.92;1145.86
3019;405062.82;5122595.96;1150.06
5586;405066.4;5122592.63;1152.88
7168;405071.47;5122593.16;1154.94
3601;405073.86;5122593.25;1155.96
4550;405084.0;5122596.34;1159.61
2321;405082.64;5122593.67;1160.59
387;405089.91;5122592.39;1168.78
2233;405095.99;5122595.9;1170.4
2962;405103.8;5122600.41;1173.69
1605;405104.36;5122594.03;1170.7
2371;405107.59;5122590.31;1170.01
937;405109.64;5122584.69;1169.59
6156;405111.05;5122582.81;1169.67
1861;405114.24;5122582.25;1171.85
3747;405116.45;5122581.12;1172.24
7541;405118.29;5122582.14;1172.58
4066;405121.71;5122581.9;1173.31
5729;405127.53;5122578.41;1173.43
3856;405132.91;5122576.01;1173.43
637;405137.07;5122577.05;1173.73
134;405147.68;5122579.89;1176.26
6065;405157.57;5122575.69;1177.2
4560;405162.33;5122570.76;1179.16
396;405165.93;5122566.77;1178.69
2524;405159.34;5122567.08;1178.92
4846;405169.36;5122562.68;1171.61
1071;405168.29;5122557.19;1169.79
5766;405167.14;5122556.81;1169.33
7032;405164.94;5122552.84;1167.11
473;405166.96;5122560.69;1179.79
891;404982.73;5122616.64;1123.86
2751;404981.32;5122614.62;1123.24
1195;404848.57;5122756.72;1116.1
2479;404852.44;5122748.41;1114.48
6118;404841.09;5122733.34;1109.42
5499;404839.9;5122723.67;1109.08
5882;404842.66;5122723.81;1112.38
3669;404841.71;5122714.37;1108.42
2974;404842.81;5122719.72;1112.59
7540;404841.26;5122720.13;1112.62
1176;404842.4;5122723.11;1114.46
6033;404841.65;5122721.05;1115.21
1520;404844.84;5122718.9;1117.91
3681;404844.3;5122717.62;1118.39
6572;404843.97;5122713.85;1119.4
6969;404842.54;5122713.47;1118.12
3199;404840.49;5122711.87;1117.66
3370;404835.93;5122708.18;1116.41
7489;404833.75;5122710.14;1116.15
491;404833.05;5122709.8;1115.7
6246;404831.0;5122710.27;1115.7
6695;404828.93;5122713.87;1116.58
7303;404826.41;5122722.09;1121.76
5638;404822.62;5122720.56;1118.79
4053;404821.79;5122717.22;1117.4
3859;404818.14;5122717.15;1116.42
52;404817.35;5122718.78;1115.42
2335;404815.84;5122721.29;1116.91
601;404813.92;5122723.5;1121.1
7040;404813.32;5122724.51;1123.31
42;404812.06;5122724.8;1123.19
5523;404808.81;5122725.37;1122.61
2066;404846.88;5122709.87;1109.26
3513;404845.12;5122700.79;1110.89
4495;404839.69;5122689.65;1111.11
5979;404838.43;5122686.56;1112.26
5971;404833.81;5122676.19;1109.63
2209;404824.52;5122658.71;1107.55
6143;404822.22;5122645.65;1105.69
4795;404817.44;5122645.06;1108.81
1561;404814.45;5122647.57;1110.01
6191;404810.87;5122648.13;1111.4
3813;404804.87;5122651.06;1114.95
6458;404799.17;5122654.08;1117.05
6389;404789.79;5122655.91;1115.71
6209;404789.39;5122632.63;1115.3
1049;404784.58;5122598.46;1115.9
3272;404793.53;5122576.33;1116.74
115;404799.1;5122573.61;1118.63
3780;404801.18;5122574.9;1119.06
1788;404804.65;5122572.81;1120.7
1353;404806.54;5122569.25;1121.56
960;404810.74;5122565.97;1121.93
2299;404813.71;5122559.29;1121.68
3331;404818.91;5122539.9;1124.14
7362;404820.06;5122530.55;1119.95
1659;404819.33;5122516.72;1116.5
704;404819.77;5122491.94;1113.01
5675;404822.93;5122483.24;1112.53
6901;404810.05;5122480.03;1109.22
3728;404824.13;5122469.52;1111.57
560;404805.56;5122483.8;1108.5
4188;404799.63;5122480.78;1105.11
597;404795.4;5122480.26;1103.72
393;404789.64;5122482.82;1101.79
4358;404781.6;5122481.11;1097.04
2270;404780.16;5122474.36;1093.52
5628;404782.71;5122466.95;1090.36
5254;404785.79;5122466.85;1090.3
3020;404788.47;5122459.85;1089.91
7437;404784.91;5122457.96;1084.75
3928;404783.76;5122460.96;1082.14
591;404780.91;5122461.36;1081.32
4252;404778.55;5122462.84;1077.76
979;404773.89;5122464.54;1075.34
4752;404771.65;5122469.12;1077.19
5795;404768.54;5122476.46;1077.47
3178;404766.78;5122479.39;1072.94
5814;404765.7;5122491.71;1072.07
6113;404765.39;5122491.6;1068.94
2202;404757.3;5122495.37;1064.77
6550;404755.71;5122496.37;1061.77
1884;404750.67;5122501.41;1061.77
7092;404748.69;5122502.75;1060.9
323;404743.38;5122503.68;1057.79
119;404737.56;5122505.13;1058.21
1845;404735.25;5122512.22;1059.52
7455;404732.4;5122522.84;1064.89
1750;404737.2;5122526.59;1069.65
5242;404731.53;5122530.86;1065.55
3325;404727.95;5122533.38;1065.86
7562;404729.84;5122534.39;1065.97
7322;404726.94;5122537.3;1065.39
257;404819.35;5122471.56;1109.25
6426;404835.38;5122469.52;1115.22
4715;404814.13;5122468.29;1101.91
4513;404809.41;5122470.49;1097.23
2764;404799.76;5122469.99;1093.9
873;404840.65;5122462.54;1116.14
1461;404833.96;5122437.61;1109.71
1994;404844.25;5122438.69;1112.48
2240;404826.25;5122427.74;1105.63
1572;404848.27;5122438.13;1112.05
1199;404849.19;5122432.89;1111.96
5126;404853.13;5122420.76;1110.39
7141;404854.59;5122413.92;1110.15
1445;404826.85;5122416.16;1102.74
6596;404828.58;5122407.27;1103.06
4357;404835.73;5122404.52;1104.69
4180;404838.93;5122394.06;1105.26
6882;404833.76;5122383.91;1101.78
6935;404833.53;5122377.38;1100.98
4707;404839.85;5122371.71;1101.87
5277;404842.73;5122358.14;1101.87
992;404842.21;5122328.47;1099.27
5370;404851.41;5122317.5;1097.77
556;404847.37;5122299.99;1095.56
5231;404846.3;5122279.58;1091.95
6142;404839.66;5122265.97;1087.61
6979;404839.66;5122248.27;1085.12
1355;404832.2;5122236.33;1080.82
4505;404827.2;5122220.95;1076.18
290;404825.16;5122222.04;1076.06
567;404821.29;5122215.05;1076.76
1039;404814.33;5122207.84;1075.53
4071;404808.53;5122206.28;1077.36
4286;404800.86;5122192.99;1073.82
2458;404797.69;5122182.62;1068.76
7055;404798.31;5122180.58;1068.03
684;404798.06;5122177.09;1068.9
49;404795.5;5122179.78;1068.23
1522;404799.73;5122174.42;1067.63
4974;404797.96;5122170.26;1066.83
198;404795.38;5122153.94;1070.96
5596;404791.06;5122149.77;1072.45
1586;404793.67;5122144.17;1072.89
4488;404789.17;5122134.94;1074.15
5162;404792.01;5122131.2;1077.25
5937;404780.49;5122143.46;1075.03
3137;404796.48;5122121.3;1079.99
1067;404800.67;5122119.91;1082.29
4864;404803.9;5122115.92;1084.95
4187;404805.84;5122112.14;1084.79
241;404809.92;5122102.16;1089.21
7243;404809.64;5122104.42;1091.32
6070;404818.41;5122103.47;1093.25
5944;404819.56;5122102.64;1093.4
5141;404825.27;5122092.84;1113.61
3615;404827.26;5122087.62;1113.71
7202;404828.1;5122084.49;1116.17
5870;404829.75;5122077.65;1116.78
6579;404827.49;5122083.33;1119.1
6093;404828.41;5122077.49;1115.09
6909;404831.2;5122073.34;1114.82
3291;404830.71;5122068.76;1114.82
682;404832.58;5122067.03;1116.63
2717;404832.63;5122063.56;1116.2
6682;404834.19;5122061.43;1117.75
7510;404836.11;5122055.07;1120.59
6515;404836.32;5122055.01;1129.28
3055;404837.49;5122050.91;1129.28
2795;404837.82;5122050.02;1122.05
1360;404838.83;5122046.23;1120.84
6997;404839.31;5122044.41;1124.91
4314;404839.72;5122042.97;1123.86
1524;404840.44;5122041.26;1121.16
3215;404843.78;5122035.19;1121.16
6863;404845.92;5122030.98;1122.43
3668;404849.03;5122023.12;1131.06
1937;404853.64;5122020.92;1136.72
804;404855.03;5122021.3;1142.58
6297;404860.02;5122014.36;1143.18
4414;404862.92;5122008.07;1146.75
4872;404866.38;5121998.72;1156.93
6021;404865.51;5121990.98;1156.93
2095;404867.25;5121985.89;1157.21
2552;404867.59;5121980.78;1154.71
7087;404867.84;5121977.24;1150.46
705;404869.06;5121970.79;1147.93
5239;404867.68;5121967.19;1145.35
2322;404863.96;5121956.87;1138.31
497;404864.15;5121950.49;1137.75
6736;404863.02;5121949.66;1137.25
2784;404863.95;5121946.6;1137.88
3030;404864.4;5121945.28;1137.5
806;404866.43;5121938.0;1134.1
2996;404864.48;5121926.83;1130.43
1174;404862.49;5121919.6;1131.47
2184;404863.32;5121922.93;1133.01
3264;404858.46;5121919.53;1131.12
964;404862.2;5121919.7;1130.63
6223;404866.64;5121919.46;1134.07
641;404866.59;5121916.47;1130.86
3796;404863.41;5121910.28;1125.31
2239;404865.17;5121906.31;1125.23
6947;404864.96;5121898.11;1126.52
5896;404863.45;5121896.42;1122.7
4067;404856.51;5121887.4;1114.66
2395;404853.77;5121891.96;1112.95
6551;404835.91;5121894.98;1090.32
1063;404838.04;5121891.43;1088.88
2799;404847.82;5121886.71;1086.9
6701;404846.98;5121889.66;1086.9
314;404851.36;5121880.33;1087.66
3841;404846.44;5121891.22;1084.95
4517;404840.15;5121897.08;1082.53
2223;404827.5;5121917.07;1075.96
505;404822.93;5121919.26;1074.72
5113;404820.77;5121921.51;1073.41
6691;404819.21;5121928.09;1072.22
2381;404817.14;5121932.53;1070.45
4954;404812.0;5121952.72;1068.99
2285;404813.7;5121957.43;1069.61
7050;404815.32;5121953.81;1072.41
6183;404815.51;5121960.36;1074.42
6812;404815.57;5121964.23;1073.66
5837;404810.88;5121965.72;1071.1
730;404808.79;5121969.5;1068.11
3902;404808.66;5121973.01;1069.05
3469;404806.4;5121979.15;1068.02
1418;404798.66;5121987.89;1065.79
5910;404792.4;5122005.21;1064.51
3648;404792.93;5122011.61;1064.28
4257;404787.47;5122027.0;1061.14
206;404782.81;5122036.67;1058.49
4473;404782.13;5122040.12;1058.13
3981;404780.6;5122045.1;1057.21
832;404769.78;5122053.72;1054.11
2144;404756.11;5122045.32;1053.56
4634;404754.17;5122061.8;1050.93
6403;404752.46;5122071.75;1048.78
4796;404754.56;5122076.49;1048.23
2863;404753.78;5122077.26;1047.45
5344;404749.96;5122084.34;1047.17
3293;404756.54;5122090.96;1046.33
1129;404757.92;5122099.24;1046.48
4822;404757.91;5122104.08;1045.44
3162;404762.71;5122105.48;1045.44
589;404767.42;5122106.42;1045.96
4612;404769.86;5122103.08;1047.23
350;404774.11;5122101.59;1048.38
4663;404778.17;5122101.22;1050.5
803;404780.55;5122102.01;1051.38
3246;404781.5;5122107.51;1055.3
4499;404781.42;5122109.76;1057.06
2230;404782.11;5122112.37;1058.63
6916;404779.24;5122116.81;1058.44
5782;404777.57;5122120.39;1057.02
7464;404781.65;5122129.82;1057.74
1712;404780.97;5122136.99;1057.36
1265;404777.92;5122144.06;1060.43
2584;404778.8;5122146.13;1062.2
4840;404779.76;5122146.67;1062.12
1316;404779.66;5122146.67;1072.07
1452;404779.98;5122144.03;1073.87
3176;404778.76;5122144.74;1073.55
4917;404773.29;5122137.74;1071.98
815;404770.1;5122134.56;1071.75
5541;404766.07;5122133.48;1072.94
3929;404764.59;5122132.88;1072.48
2061;404757.17;5122131.57;1073.01
157;404752.84;5122126.41;1074.69
6444;404745.65;5122129.61;1073.72
3553;404738.88;5122126.88;1070.16
1346;404721.29;5122123.14;1082.3
4298;404734.45;5122129.44;1070.7
1872;404704.89;5122127.53;1100.51
7094;404719.64;5122128.56;1085.19
674;404692.89;5122133.65;1107.08
4572;404692.89;5122133.65;1087.08
4413;404692.89;5122133.65;1127.08
4642;404712.55;5122124.46;1081.01
4154;404711.54;5122126.28;1081.73
2310;404709.85;5122122.66;1084.42
3292;404708.2;5122124.62;1084.83
1040;404705.71;5122124.66;1086.92
6750;404704.12;5122127.11;1088.04
351;404702.88;5122129.78;1088.83
5633;404706.08;5122127.28;1090.31
3262;404732.97;5122130.36;1068.77
386;404731.13;5122129.87;1067.92
4599;404727.63;5122129.5;1068.48
474;404725.25;5122125.7;1069.52
4482;404722.7;5122122.06;1066.52
907;404723.5;5122123.77;1066.39
1438;404726.88;5122126.41;1064.66
4127;404728.64;5122125.94;1064.34
1667;404730.85;5122126.98;1064.99
129;404732.24;5122128.51;1063.0
212;404734.63;5122124.0;1062.37
5551;404738.15;5122124.94;1062.37
732;404739.94;5122125.03;1062.37
4409;404741.36;5122125.34;1063.32
6952;404744.3;5122125.49;1062.53
3353;404749.12;5122127.54;1060.92
990;404755.02;5122125.39;1060.37
3711;404760.99;5122124.87;1060.69
3632;404766.9;5122129.83;1058.18
4764;404767.87;5122129.17;1058.66
5956;404767.87;5122129.17;1043.95
746;404765.97;5122129.55;1044.12
1163;404763.88;5122129.84;1040.44
6421;404762.72;5122128.84;1039.29
821;404761.33;5122128.57;1040.08
6144;404759.91;5122129.98;1041.19
4631;404755.73;5122132.5;1039.98
4280;404852.33;5121872.43;1088.78
5599;404852.63;5121863.8;1090.15
3043;404854.64;5121858.83;1089.78
384;404855.37;5121851.89;1092.18
6164;404858.1;5121849.98;1092.24
159;404864.99;5121842.85;1093.99
7284;404872.63;5121830.12;1098.24
4062;404882.59;5121827.82;1099.68
6202;404879.26;5121812.17;1100.24
2503;404884.23;5121788.8;1101.49
5776;404883.75;5121779.65;1101.97
2065;404881.5;5121774.6;1100.59
7524;404882.02;5121744.87;1105.84
5786;404881.53;5121735.51;1105.68
5253;404878.78;5121733.92;1106.29
5824;404878.0;5121727.56;1105.96
3857;404878.44;5121725.79;1106.05
2052;404878.16;5121724.48;1106.85
3888;404882.67;5121696.04;1106.85
263;404887.31;5121688.0;1108.16
6821;404883.48;5121675.46;1107.93
4419;404888.72;5121684.13;1106.33
4470;404895.7;5121684.78;1106.41
994;404879.84;5121673.94;1107.28
4980;404871.05;5121673.32;1103.35
1846;404858.61;5121675.74;1102.69
3060;404845.44;5121663.03;1096.38
2361;404841.62;5121655.84;1096.1
1584;404837.19;5121648.75;1094.32
1547;404834.99;5121646.77;1090.66
5494;404832.98;5121642.83;1087.67
1056;404832.05;5121643.93;1087.5
2178;404823.57;5121637.61;1083.97
4956;404809.34;5121626.49;1079.13
1177;404802.05;5121631.05;1073.33
5019;404799.57;5121630.7;1072.61
4722;404797.37;5121631.21;1069.61
6253;404792.92;5121633.28;1067.53
20;404784.99;5121635.86;1067.53
5516;404781.24;5121634.19;1065.78
4466;404900.24;5121682.04;1106.69
29;404859.92;5121914.76;1133.88
4137;404859.6;5121914.0;1133.91
4353;404855.55;5121900.77;1125.6
1733;404855.14;5121896.86;1126.3
2972;404855.85;5121892.41;1125.26
1837;404854.68;5121890.31;1126.33
4309;404851.82;5121887.54;1122.86
1986;404827.84;5122086.69;1119.94
2556;404830.58;5122072.5;1119.89
5024;404824.97;5122091.66;1119.64
5328;404793.15;5122176.29;1067.79
4059;404793.4;5122173.91;1065.92
3788;404792.34;5122170.85;1063.97
7270;404793.42;5122169.87;1062.61
7359;404791.68;5122170.8;1061.65
4808;404782.19;5122168.79;1059.23
7047;404781.33;5122167.04;1058.01
5496;404769.18;5122158.21;1045.85
3171;404771.35;5122161.83;1046.22
345;404770.81;5122162.0;1045.59
3943;404766.68;5122161.64;1044.32
380;404763.27;5122160.98;1038.97
6185;404762.09;5122165.11;1034.03
7560;404762.3;5122162.14;1034.24
5663;404763.05;5122158.62;1034.49
4491;404763.33;5122157.92;1034.11
5304;404764.14;5122156.4;1031.01
669;404763.72;5122151.71;1026.77
6938;404760.17;5122154.38;1025.9
7177;404758.08;5122153.32;1025.0
4109;404754.24;5122153.65;1021.53
6106;404749.64;5122154.3;1018.4
2114;404748.77;5122151.75;1016.65
5227;404745.36;5122153.26;1014.41
510;404742.41;5122153.42;1013.09
778;404730.15;5122156.25;1013.31
2977;404728.62;5122153.83;1013.6
1220;404724.03;5122152.94;1014.04
3359;404730.93;5122148.04;1014.42
422;404733.64;5122143.28;1016.08
5315;404733.51;5122139.96;1014.41
1880;404734.07;5122143.65;1016.01
4886;404737.94;5122138.27;1014.66
6098;404731.17;5122147.45;1016.69
2645;404737.81;5122134.79;1014.6
3284;404743.29;5122133.11;1016.03
4149;404869.61;5122781.57;1169.2
5030;404870.71;5122779.99;1178.74
5120;404729.55;5122968.97;1228.4
3761;404730.85;5122976.32;1231.42
1923;404726.44;5122986.21;1232.75
4321;404730.77;5122999.51;1241.83
779;404735.17;5123003.06;1246.75
7430;404736.51;5123014.03;1251.44
1709;404736.21;5123014.68;1250.64
912;404735.37;5123016.18;1253.08
599;404736.51;5123014.03;1244.94
2558;404735.92;5123016.49;1245.0
7349;404735.52;5123017.72;1244.5
5506;404735.42;5123019.17;1243.44
500;404736.33;5123020.38;1242.57
2696;404736.33;5123020.38;1240.55
1726;404736.6;5123019.0;1238.87
7138;404735.74;5123016.76;1239.0
6472;404735.36;5123016.4;1237.29
3294;404735.36;5123016.4;1233.75
6942;404733.49;5123012.01;1231.21
3453;404736.88;5123007.66;1228.51
723;404736.42;5123003.93;1225.14
4593;404736.29;5123000.14;1222.26
2470;404738.17;5123028.35;1267.98
5821;404733.69;5123026.35;1270.48
5414;404731.39;5123027.79;1274.21
7033;404734.72;5123029.64;1275.91
1227;404736.46;5123025.91;1280.02
5251;404732.69;5123023.74;1277.12
412;404731.67;5123035.14;1275.13
742;404739.55;5123025.14;1283.33
2956;404740.71;5123018.55;1282.75
4531;404743.75;5123012.04;1281.35
3938;404745.88;5123019.99;1284.84
4143;404746.98;5123010.18;1280.96
7169;404745.17;5123028.11;1291.68
6303;404744.37;5123039.57;1295.87
6810;404741.29;5123047.18;1297.76
5276;404742.78;5123055.61;1302.12
4885;404739.37;5123068.37;1306.42
3149;404736.53;5123072.42;1308.22
6151;404735.85;5123076.26;1309.64
7331;404734.44;5123078.27;1310.07
2021;404734.44;5123078.27;1314.2
2211;404735.43;5123082.25;1314.34
1469;404734.81;5123081.71;1310.78
2167;404734.46;5123083.18;1313.53
4782;404735.43;5123082.01;1309.0
1197;404733.54;5123087.19;1312.73
4408;404733.44;5123092.6;1314.81
1774;404736.6;5123096.94;1316.98
4307;404736.24;5123098.78;1318.91
6976;404735.81;5123099.26;1319.95
6077;404734.91;5123100.82;1320.71
2790;404735.98;5123100.99;1322.05
5629;404735.98;5123105.86;1322.22
3300;404734.26;5123110.33;1324.26
580;404731.63;5123118.94;1327.19
3153;404730.82;5123120.94;1327.15
6074;404722.44;5123127.73;1326.77
7180;404721.2;5123123.69;1326.03
2215;404719.17;5123125.72;1329.84
694;404711.62;5123128.63;1333.11
1210;404708.75;5123133.21;1332.16
1397;404703.57;5123133.66;1331.98
2776;404710.21;5123140.54;1329.95
3973;404753.61;5123004.2;1277.71
265;404753.94;5122997.94;1270.49
2364;404756.93;5122992.55;1268.36
3029;404759.94;5122984.29;1261.25
6133;404770.16;5122976.86;1256.89
4618;404770.28;5122973.28;1254.38
7203;404770.63;5122971.98;1253.29
1679;404774.15;5122967.78;1251.41
3643;404774.24;5122965.99;1249.27
932;404775.14;5122964.81;1248.22
619;404779.53;5122958.05;1247.23
5919;404689.3;5122853.36;1184.78
4687;404688.94;5122852.93;1183.23
5903;404691.56;5122846.45;1182.74
4790;404695.84;5122846.9;1184.14
4731;404698.79;5122843.62;1183.68
5772;404698.79;5122843.62;1182.88
4387;404700.74;5122838.53;1183.36
38;404702.64;5122837.4;1183.36
7140;404706.86;5122829.11;1182.71
2421;404706.96;5122830.54;1182.45
7274;404709.95;5122829.57;1182.4
750;404710.74;5122823.96;1182.6
3721;404713.07;5122821.37;1180.67
5705;404713.07;5122821.37;1181.06
2059;404715.81;5122818.72;1179.67
5626;404719.35;5122813.27;1179.33
1660;404719.84;5122813.55;1179.33
1995;404724.25;5122817.66;1181.29
2330;404724.44;5122821.38;1182.42
4510;404721.17;5122823.42;1182.22
2514;404722.4;5122828.02;1183.77
1585;404719.53;5122836.39;1186.48
7150;404720.32;5122851.58;1194.23
3533;404718.78;5122851.11;1193.06
6500;404720.09;5122851.18;1193.48
5389;404722.53;5122853.8;1193.92
5784;404726.75;5122856.76;1191.62
1183;404728.76;5122855.45;1186.23
4051;404729.26;5122853.61;1187.11
7364;404726.16;5122851.6;1184.62
1930;404727.86;5122848.54;1184.62
573;404729.07;5122849.22;1186.28
840;404729.89;5122843.44;1186.08
3737;404729.9;5122844.25;1186.36
2056;404729.9;5122844.25;1182.87
4806;404733.29;5122842.88;1180.01
5040;404735.66;5122840.05;1177.96
382;404734.07;5122835.44;1177.28
6792;404732.6;5122835.01;1176.75
6233;404733.13;5122832.3;1176.11
5856;404736.24;5122830.35;1173.99
2798;404735.79;5122830.55;1174.31
152;404732.82;5122829.48;1176.96
5153;404732.77;5122826.58;1176.29
2300;404733.61;5122827.88;1163.73
5954;404730.46;5122823.21;1164.32
6215;404731.85;5122820.37;1162.49
6000;404734.9;5122817.21;1160.8
5306;404737.56;5122814.55;1162.88
2693;404738.88;5122813.08;1157.99
6616;404741.14;5122812.35;1158.76
1172;404742.67;5122809.8;1156.52
3672;404746.61;5122807.71;1153.04
3797;404752.32;5122804.8;1147.26
4364;404758.21;5122810.49;1143.79
2745;404759.81;5122804.51;1139.92
1421;404553.8;5123006.59;1260.89
7369;404551.21;5123007.58;1262.01
6626;404546.05;5123003.46;1260.49
4617;404544.04;5123015.38;1259.62
6853;404543.36;5123026.57;1264.63
5525;404541.32;5123040.06;1269.02
6255;404530.09;5123056.81;1273.39
1916;404528.63;5123064.76;1271.55
1175;404527.39;5123075.65;1271.55
3376;404522.61;5123070.7;1269.44
4905;404538.1;5123079.76;1278.17
3801;404521.59;5123072.82;1267.75
5510;404526.08;5123071.69;1267.98
1504;404528.01;5123071.66;1268.09
6730;404527.79;5123073.46;1268.44
4118;404532.32;5123076.63;1269.41
3781;404533.41;5123078.78;1269.88
6845;404538.09;5123078.37;1270.46
6025;404541.35;5123077.97;1266.55
492;404532.55;5123076.42;1263.65
6084;404552.29;5123077.59;1272.37
6399;404530.72;5123074.59;1263.38
6833;404526.35;5123069.73;1259.13
6072;404527.72;5123067.52;1256.79
6446;404527.72;5123067.52;1249.49
7390;404525.67;5123067.27;1246.54
2641;404523.43;5123064.07;1238.87
2816;404523.66;5123057.65;1229.7
2534;404528.15;5123057.89;1228.33
5292;404526.01;5123062.08;1228.33
5020;404524.44;5123071.0;1227.53
103;404520.26;5123073.72;1227.18
6878;404520.26;5123073.72;1215.78
1590;404560.73;5123081.0;1273.65
928;404564.75;5123079.21;1273.65
1345;404567.33;5123078.17;1280.19
987;404566.4;5123085.8;1274.85
3228;404574.27;5123076.31;1280.19
277;404566.4;5123085.8;1294.85
5773;404498.99;5123085.93;1268.53
4679;404495.12;5123101.77;1269.26
5143;404486.76;5123101.46;1263.29
4587;404369.85;5123032.67;1248.06
3320;404356.54;5123036.48;1248.89
5868;404359.15;5123046.2;1250.1
1443;404351.23;5123059.9;1257.38
7425;404349.58;5123070.35;1259.7
2868;404352.46;5123086.66;1262.35
4019;404394.4;5123023.35;1246.44
2304;404394.57;5123033.35;1248.85
2366;404390.28;5123034.5;1246.57
177;404346.54;5122930.47;1207.04
6822;404341.5;5122932.4;1206.93
2497;404342.4;5122939.69;1208.91
4128;404339.1;5122946.45;1208.54
6594;404328.43;5122968.33;1212.43
1064;404322.65;5122978.75;1213.74
1058;404320.2;5122989.35;1217.01
5222;404319.07;5122991.92;1218.41
3578;404317.04;5123001.46;1220.27
1721;404313.05;5123011.85;1222.94
6020;404312.65;5123015.66;1225.39
697;404312.93;5123017.12;1225.23
2758;404310.36;5123020.93;1225.69
4336;404307.01;5123033.43;1231.64
1800;404310.62;5123042.81;1232.85
3806;404307.52;5123041.56;1225.69
4428;404307.52;5123041.56;1212.37
7526;404306.18;5123033.1;1212.07
991;404307.85;5123028.5;1211.03
5579;404308.46;5123024.18;1208.09
2986;404306.38;5123022.56;1198.23
7142;404307.28;5123017.44;1198.23
5716;404420.25;5122809.67;1212.34
5108;404420.25;5122809.67;1187.19
864;404416.95;5122810.07;1183.76
2731;404413.2;5122807.03;1181.9
3415;404408.18;5122809.6;1180.28
5714;404401.82;5122811.79;1178.36
7258;404399.46;5122807.85;1180.5
1528;404399.47;5122812.99;1177.45
3340;404397.46;5122814.61;1175.83
3810;404398.38;5122817.8;1169.03
1849;404395.69;5122809.01;1166.22
6006;404465.53;5122809.98;1274.29
4156;404464.9;5122819.8;1279.36
1843;404465.73;5122808.05;1271.17
2003;404466.55;5122805.67;1270.91
3512;404470.25;5122804.1;1269.76
3271;404471.4;5122800.1;1268.95
2794;404473.28;5122796.4;1268.29
4553;404473.21;5122794.35;1269.58
1027;404475.41;5122793.37;1269.11
4288;404477.33;5122788.71;1268.83
1391;404479.95;5122789.03;1270.48
3471;404481.26;5122788.14;1269.24
4961;404486.35;5122787.15;1268.23
6362;404485.84;5122785.13;1264.9
4269;404485.84;5122785.13;1260.27
220;404491.84;5122783.18;1260.6
6431;404496.19;5122779.91;1257.7
4792;404496.39;5122776.12;1260.17
3896;404498.13;5122773.72;1261.88
6504;404501.42;5122766.34;1257.21
3804;404507.88;5122762.3;1245.46
4181;404500.53;5122759.91;1242.8
3706;404501.25;5122761.05;1240.94
3285;404498.6;5122762.17;1240.94
3204;404498.6;5122762.17;1239.15
5346;404495.63;5122763.31;1237.87
6364;404496.47;5122768.09;1237.95
6329;404498.75;5122770.62;1236.78
7186;404493.43;5122775.42;1232.97
2111;404489.54;5122775.82;1232.14
145;404487.73;5122777.05;1230.66
6557;404483.32;5122778.07;1229.37
303;404476.79;5122780.06;1225.74
1798;404463.28;5122783.43;1225.98
5498;404459.69;5122782.93;1224.51
2870;404476.56;5122787.91;1267.19
434;404476.21;5122788.44;1266.44
3923;404473.52;5122787.18;1264.79
5761;404468.6;5122786.92;1262.49
1098;404466.29;5122787.58;1261.66
2115;404417.66;5122750.51;1293.25
5256;404417.66;5122750.51;1286.65
922;404424.11;5122739.35;1285.97
6903;404427.66;5122738.2;1287.41
1957;404427.66;5122738.2;1279.96
3918;404420.73;5122732.39;1279.96
6094;404421.61;5122744.99;1280.62
3475;404422.37;5122747.61;1280.57
666;404425.24;5122760.06;1280.8
6889;404426.28;5122763.08;1278.56
1372;404425.02;5122763.87;1277.63
5980;404414.69;5122760.11;1270.76
4344;404414.69;5122760.11;1269.26
4279;404416.11;5122751.18;1268.31
6419;404415.83;5122749.88;1265.47
1151;404410.5;5122744.91;1265.47
7014;404408.48;5122744.52;1264.68
4678;404406.21;5122745.08;1264.14
2293;404403.56;5122744.99;1262.9
2742;404402.82;5122746.84;1264.15
3485;404399.05;5122750.62;1260.41
6620;404399.23;5122752.08;1260.38
5112;404398.68;5122753.21;1260.14
108;404393.0;5122755.74;1259.15
6614;404390.31;5122754.12;1258.83
6016;404390.31;5122754.12;1256.28
6197;404384.13;5122754.55;1254.96
6967;404384.13;5122744.15;1254.96
7438;404382.2;5122750.0;1255.31
4383;404377.09;5122747.0;1254.96
4794;404380.14;5122752.74;1254.96
2374;404388.23;5122751.89;1252.16
776;404389.5;5122753.65;1251.15
7559;404394.4;5122752.79;1250.0
6386;404390.04;5122751.54;1235.18
1917;404385.37;5122752.53;1234.67
5182;404380.99;5122748.44;1234.46
3232;404380.99;5122748.44;1225.06
3686;404377.29;5122743.53;1221.93
301;404375.11;5122743.68;1218.82
3934;404373.06;5122744.6;1217.52
4231;404370.82;5122748.8;1211.85
7337;404366.9;5122749.64;1208.1
7238;404366.9;5122748.49;1201.6
6153;404358.93;5122746.2;1196.01
3844;404358.93;5122746.2;1164.71
7558;404351.33;5122745.54;1163.09
7471;404349.96;5122758.52;1164.23
3590;404353.29;5122761.83;1164.23
140;404354.67;5122760.13;1164.04
4966;404357.75;5122752.11;1156.56
6764;404356.8;5122748.99;1155.04
6874;404356.52;5122745.77;1154.35
7275;404353.65;5122744.55;1153.63
3904;404352.81;5122743.05;1151.17
802;404345.75;5122744.68;1147.79
1161;404346.37;5122742.63;1147.3
317;404344.23;5122741.8;1147.3
466;404344.0;5122739.61;1146.12
2855;404340.68;5122734.09;1143.65
2532;404333.8;5122731.45;1139.22
2703;404333.8;5122731.45;1109.32
1831;404329.13;5122733.63;1105.71
956;404329.01;5122726.87;1101.81
2582;404327.73;5122722.12;1099.61
3650;404325.12;5122721.17;1090.53
3742;404325.12;5122721.17;1058.63
2588;404318.08;5122715.66;1051.39
1288;404318.08;5122715.66;1048.49
3565;404315.56;5122714.33;1047.56
1941;404305.76;5122710.76;1037.49
612;404301.13;5122710.11;1035.0
5237;404295.48;5122709.11;1030.18
2515;404283.58;5122705.01;1022.01
3221;404280.69;5122701.57;1022.01
783;404280.69;5122697.45;1020.75
4545;404275.42;5122694.66;1019.48
5488;404274.13;5122687.32;1018.03
1287;404276.3;5122681.94;1018.14
5660;404270.7;5122678.44;1014.17
4862;404266.11;5122675.34;1008.82
2343;404261.38;5122672.39;1003.8
5070;404258.86;5122661.45;998.56
6586;404250.36;5122658.85;992.1
2730;404243.64;5122647.21;976.09
2643;404238.78;5122639.45;970.36
2765;404230.66;5122633.97;965.58
6172;404232.85;5122627.24;963.82
1092;404225.92;5122622.2;958.67
5889;404221.51;5122621.02;953.23
5703;404216.34;5122624.01;948.22
5013;404209.58;5122625.45;941.99
5736;404207.96;5122629.91;941.32
3707;404204.71;5122628.11;932.58
5972;404380.08;5122742.62;1253.95
245;404382.87;5122744.36;1254.59
6809;404387.58;5122743.7;1255.51
3136;404390.51;5122745.0;1257.22
2680;404392.31;5122743.14;1256.07
3346;404396.1;5122742.81;1257.38
4371;404399.11;5122737.99;1258.28
3433;404398.02;5122731.12;1259.26
2372;404401.2;5122728.81;1259.4
7366;404399.83;5122727.45;1259.56
3500;404399.68;5122724.56;1259.82
4958;404398.66;5122719.29;1261.57
6771;404400.15;5122718.36;1261.66
6625;404400.15;5122718.36;1257.46
1932;404403.27;5122712.94;1240.26
1591;404403.27;5122712.94;1219.36
44;404402.0;5122707.44;1222.89
5835;404399.59;5122703.37;1216.03
2894;404405.38;5122703.94;1221.76
2934;404406.09;5122700.63;1220.39
6439;404406.09;5122700.63;1215.34
7412;404404.49;5122707.04;1215.0
1299;404400.11;5122712.65;1212.82
1640;404396.17;5122708.71;1211.84
6422;404393.11;5122702.95;1206.56
4527;404387.43;5122701.64;1201.66
6696;404386.71;5122701.72;1201.31
842;404379.78;5122697.39;1193.41
5754;404377.69;5122698.54;1193.2
6346;404375.16;5122696.18;1193.2
3440;404371.62;5122696.67;1192.05
2323;404371.56;5122700.54;1191.5
2997;404368.86;5122701.57;1191.4
5805;404365.26;5122703.49;1191.33
5426;404362.88;5122703.65;1191.16
5357;404362.6;5122705.26;1191.19
519;404360.44;5122709.0;1190.89
2560;404358.37;5122709.67;1190.62
1475;404358.0;5122712.0;1190.16
3983;404356.03;5122715.56;1189.66
5624;404354.16;5122720.41;1189.66
4346;404351.61;5122719.82;1189.11
2937;404349.72;5122720.29;1185.44
5879;404346.33;5122719.13;1176.58
3155;404339.17;5122716.94;1157.07
1915;404339.96;5122711.97;1149.61
668;404334.88;5122707.23;1142.41
1048;404330.21;5122706.06;1137.06
4670;404326.76;5122708.67;1135.23
5489;404322.88;5122708.8;1133.16
3853;404321.01;5122707.07;1131.57
3051;404321.01;5122707.07;1127.27
2692;404317.05;5122703.85;1125.51
6818;404314.25;5122704.45;1125.01
6107;404312.67;5122703.61;1124.82
3808;404312.65;5122702.21;1124.94
3447;404312.39;5122694.75;1122.08
5653;404307.83;5122689.7;1119.18
5211;404302.19;5122684.06;1114.2
3141;404297.74;5122677.2;1105.43
3718;404294.22;5122671.79;1094.26
6847;404288.51;5122672.8;1089.2
22;404283.37;5122677.26;1086.31
7552;404269.47;5122679.47;1057.46
455;404266.6;5122678.91;1058.14
2351;404265.19;5122671.63;1044.75
348;404259.07;5122664.34;1039.04
1130;404251.98;5122652.54;1038.31
554;404249.13;5122646.41;1035.3
4260;404245.52;5122637.49;1029.97
4486;404239.53;5122632.63;1025.34
1749;404237.44;5122623.63;1013.91
5984;404229.43;5122615.61;1006.41
5272;404222.64;5122613.47;996.62
2601;404217.79;5122612.7;988.43
2830;404217.79;5122612.7;977.43
477;404213.09;5122614.14;970.14
6101;404211.48;5122614.28;966.34
3972;404209.98;5122616.07;964.82
911;404206.72;5122619.83;955.06
112;404202.45;5122620.97;951.35
5812;404194.43;5122620.27;932.39
4627;404193.25;5122616.84;929.94
2753;404185.58;5122615.35;916.41
3984;404184.0;5122626.66;911.33
6095;404329.58;5122707.47;1136.96
3341;404329.22;5122708.45;1135.72
4638;404325.06;5122699.91;1131.69
1240;404324.36;5122699.04;1130.99
7483;404323.17;5122696.9;1130.05
1030;404320.7;5122694.25;1129.22
1836;404318.82;5122691.76;1127.11
1328;404316.05;5122688.47;1124.52
7189;404314.86;5122689.13;1124.13
3609;404314.28;5122672.71;1113.05
4839;404319.22;5122681.87;1123.83
6522;404322.21;5122686.15;1124.66
6474;404319.22;5122681.87;1121.34
2662;404322.21;5122686.15;1134.48
6950;404323.76;5122677.63;1120.8
2935;404325.45;5122676.58;1119.61
1221;404328.25;5122673.23;1119.61
4641;404328.25;5122673.23;1120.99
3627;404329.82;5122668.41;1117.56
3501;404329.82;5122668.41;1106.01
3296;404327.9;5122665.56;1105.6
3177;404327.13;5122662.47;1104.68
558;404327.13;5122662.47;1091.86
6623;404323.56;5122662.22;1091.8
2416;404329.38;5122668.48;1093.46
80;404321.79;5122656.45;1093.88
343;404330.28;5122659.91;1093.76
2646;404343.14;5122654.98;1092.8
3775;404343.3;5122664.11;1093.12
958;404344.89;5122671.0;1091.75
4897;404341.89;5122679.72;1095.47
662;404338.3;5122680.88;1095.07
1801;404332.16;5122681.31;1094.64
4454;404332.16;5122681.31;1094.84
4425;404332.95;5122676.38;1095.37
6328;404333.36;5122684.24;1093.69
1270;404331.12;5122676.54;1095.43
327;404332.09;5122685.93;1086.33
884;404329.41;5122681.8;1084.34
1451;404326.92;5122679.39;1072.26
6617;404321.28;5122677.23;1069.82
6221;404320.99;5122673.12;1068.4
4800;404319.38;5122671.46;1067.51
2435;404321.61;5122666.23;1066.71
324;404325.11;5122664.36;1065.19
1842;404324.54;5122661.88;1065.1
3081;404328.65;5122661.45;1063.34
4586;404330.3;5122660.16;1063.71
6933;404332.98;5122662.25;1062.12
5297;404331.25;5122662.07;1060.13
5212;404333.13;5122661.11;1060.13
1514;404333.13;5122661.11;1050.48
2566;404330.59;5122658.74;1050.84
6708;404328.13;5122652.96;1049.28
714;404330.17;5122646.69;1053.4
2179;404326.73;5122638.16;1051.94
4076;404325.09;5122632.44;1052.89
2949;404324.88;5122626.52;1052.99
4009;404323.95;5122623.65;1047.32
5801;404320.77;5122618.75;1044.84
2633;404321.21;5122612.42;1044.17
4201;404321.21;5122612.42;1038.48
6928;404320.06;5122614.69;1035.55
3425;404320.06;5122614.69;1006.25
6049;404320.39;5122611.53;1006.93
1772;404320.91;5122608.56;1006.77
4719;404320.22;5122607.46;1003.85
7402;404322.03;5122604.77;1003.85
3063;404320.73;5122602.21;1001.26
1241;404321.36;5122598.15;998.27
809;404320.77;5122595.39;998.12
4205;404320.77;5122595.39;993.35
6573;404320.84;5122593.46;994.97
6541;404322.75;5122592.18;994.65
6838;404320.73;5122586.96;993.94
7395;404324.5;5122593.6;995.8
1621;404323.59;5122595.13;995.84
1822;404323.46;5122596.92;994.38
1458;404327.11;5122600.82;992.95
7252;404329.77;5122598.89;994.63
935;404334.23;5122600.43;997.69
5232;404334.59;5122603.88;997.33
7025;404335.73;5122608.45;996.24
3190;404334.62;5122612.91;996.48
1223;404336.36;5122611.73;1000.79
3554;404339.72;5122619.64;1001.39
6401;404342.84;5122615.01;1003.53
6589;404347.71;5122615.52;1006.36
2376;404352.36;5122616.42;1008.47
4337;404355.13;5122617.9;1008.74
6592;404363.53;5122618.78;1013.24
1105;404366.65;5122624.39;1012.34
5221;404371.26;5122618.91;1014.81
4104;404370.74;5122613.98;1015.77
4001;404378.39;5122611.34;1019.21
5811;404382.98;5122605.68;1022.3
3836;404388.32;5122606.15;1023.44
3745;404394.0;5122598.86;1025.92
7304;404320.73;5122586.96;986.12
81;404319.95;5122581.46;987.93
1014;404315.79;5122568.63;987.69
3385;404311.14;5122559.88;983.28
5580;404312.01;5122559.35;963.87
7482;404308.12;5122572.1;954.53
7267;404300.23;5122570.13;948.18
2399;404298.97;5122584.44;944.6
5529;404296.1;5122586.16;943.64
2295;404295.45;5122604.72;942.66
6220;404294.85;5122608.49;937.41
2001;404291.12;5122604.05;931.61
2080;404291.94;5122609.85;929.93
2208;404287.95;5122608.16;929.16
2303;404285.11;5122609.49;925.54
1075;404277.96;5122605.02;914.74
3449;404272.85;5122603.66;911.69
6743;404272.09;5122608.0;908.94
3002;404270.4;5122610.32;906.93
2906;404269.64;5122611.4;905.17
6893;404266.23;5122607.87;901.73
5186;404333.1;5122685.12;1100.72
165;404328.43;5122690.51;1102.9
7262;404327.45;5122695.55;1104.58
3534;404325.11;5122698.15;1104.76
6212;404325.62;5122701.08;1106.62
980;404324.09;5122705.29;1106.54
440;404325.43;5122711.59;1109.01
356;404328.37;5122718.85;1111.71
6668;404332.58;5122726.48;1109.86
6670;404318.11;5122647.79;1091.19
5957;404320.68;5122631.57;1090.33
5630;404317.62;5122625.0;1084.67
4922;404316.08;5122621.54;1074.77
2286;404313.69;5122621.04;1060.95
1663;404312.21;5122611.66;1045.76
1351;404309.71;5122595.85;1045.2
6086;404313.98;5122701.43;1126.29
3125;404312.22;5122699.52;1125.21
2536;404312.25;5122699.38;1127.81
6055;404307.71;5122700.06;1127.02
3371;404302.7;5122702.17;1126.66
1573;404302.91;5122708.13;1125.67
7214;404304.3;5122704.63;1129.81
4858;404296.66;5122702.64;1119.5
83;404298.79;5122694.91;1117.34
4863;404295.99;5122695.39;1113.32
6110;404296.01;5122695.27;1112.97
3399;404297.82;5122690.35;1110.57
6907;404300.48;5122688.74;1111.68
5552;404301.81;5122688.9;1114.08
5691;404302.9;5122689.92;1117.04
1473;404297.41;5122676.03;1103.1
7255;404292.14;5122678.27;1088.9
7245;404291.43;5122680.92;1090.12
4970;404286.73;5122683.31;1086.82
358;404280.8;5122679.89;1068.97
5682;404284.85;5122677.15;1068.88
3914;404281.2;5122671.73;1056.59
6409;404281.2;5122671.73;1054.79
6960;404278.85;5122666.21;1051.19
7496;404279.68;5122670.79;1048.96
1903;404278.77;5122670.02;1045.67
3543;404278.2;5122667.56;1042.44
7188;404273.32;5122666.52;1035.31
425;404272.13;5122665.34;1034.42
818;404273.16;5122663.14;1031.63
6047;404267.2;5122658.15;1022.36
5278;404265.23;5122659.15;1019.52
4506;404260.48;5122653.69;1016.89
6497;404260.48;5122652.05;1017.33
7106;404262.18;5122648.86;1016.56
2860;404254.87;5122644.28;1006.97
3611;404252.3;5122640.47;1006.0
726;404253.34;5122638.01;1004.75
7405;404250.63;5122638.2;1004.07
6013;404248.79;5122634.74;1003.24
5544;404246.48;5122629.3;1002.09
1768;404246.48;5122626.41;1001.31
3907;404245.9;5122624.71;1001.41
2828;404244.04;5122624.1;1000.19
6180;404244.39;5122620.13;1000.47
3076;404244.69;5122617.99;999.22
4235;404243.77;5122616.39;997.83
1201;404243.77;5122616.39;957.83
1670;404245.56;5122621.06;957.83
421;404245.56;5122621.06;947.83
1215;404247.34;5122625.93;947.38
2990;404249.64;5122632.25;940.4
7234;404249.64;5122632.25;924.9
4223;404239.41;5122626.36;918.36
925;404233.32;5122625.61;913.39
1816;404231.19;5122627.67;912.92
4284;404229.33;5122627.57;912.56
5755;404227.16;5122628.58;912.3
418;404224.92;5122625.9;910.82
3542;404222.92;5122614.58;907.74
5998;404218.13;5122602.1;899.71
820;404275.38;5122663.6;1039.24
447;404307.37;5122712.24;1139.25
5286;404308.49;5122715.16;1140.26
6919;404313.09;5122725.98;1156.44
2276;404398.6;5122701.76;1215.83
2796;404394.79;5122697.68;1215.05
3401;404394.24;5122693.73;1214.13
141;404394.24;5122693.73;1212.59
6532;404391.52;5122693.06;1211.99
2708;404390.1;5122687.37;1210.96
5394;404389.04;5122686.2;1210.74
2068;404388.18;5122684.51;1210.47
532;404388.18;5122684.51;1205.57
99;404389.17;5122681.27;1205.39
6584;404384.85;5122681.2;1204.94
6402;404383.56;5122679.86;1204.81
1090;404382.26;5122680.61;1204.46
2288;404380.17;5122678.8;1204.32
795;404380.17;5122678.8;1202.08
1490;404375.67;5122681.95;1201.88
1419;404370.5;5122687.3;1200.3
6198;404433.84;5122881.0;1578.04
7178;404432.91;5122874.34;1569.72
488;404383.52;5122871.23;1574.32
4022;404531.76;5122919.53;1627.37
179;404531.76;5122919.53;1625.56
5166;404529.52;5122920.21;1625.43
3211;404527.99;5122919.74;1621.99
681;404528.14;5122915.34;1624.97
3873;404525.02;5122911.34;1619.14
6187;404522.77;5122911.46;1616.71
5088;404521.5;5122909.58;1612.95
667;404584.96;5122834.75;1699.17
6629;404585.18;5122835.5;1703.64
3906;404584.42;5122837.42;1705.59
1643;404582.35;5122842.41;1707.87
1630;404584.98;5122847.2;1718.39
5358;404587.76;5122851.06;1719.52
5519;404588.02;5122855.79;1724.14
5781;404590.01;5122857.04;1724.65
222;404589.71;5122852.46;1714.41
1369;404587.92;5122859.91;1725.3
5926;404588.92;5122860.98;1725.85
3054;404590.71;5122863.13;1727.0
4536;404592.8;5122861.29;1726.72
4487;404598.55;5122863.39;1728.14
1928;404600.37;5122861.61;1728.99
3032;404601.39;5122865.1;1730.14
4209;404609.52;5122868.62;1732.2
3411;404615.56;5122869.28;1730.94
2474;404617.03;5122869.59;1727.33
6939;404620.72;5122862.99;1725.85
3044;404618.58;5122859.33;1729.81
3800;404617.35;5122872.17;1725.15
5014;404603.1;5122885.05;1729.15
1725;404623.24;5122863.34;1723.91
4068;404625.17;5122863.99;1718.15
3327;404625.12;5122860.73;1650.69
3090;404625.12;5122860.57;1637.06
6309;404625.11;5122860.05;1610.73
948;404623.05;5122855.09;1610.61
4577;404626.32;5122853.62;1609.09
4988;404629.16;5122857.8;1690.05
4844;404623.05;5122855.09;1602.24
3507;404628.76;5122860.22;1594.44
2161;404623.51;5122862.93;1591.52
3994;404621.3;5122864.1;1592.98
5456;404621.56;5122863.29;1595.72
2571;404619.28;5122861.18;1594.43
3703;404619.28;5122861.08;1586.15
5775;404622.28;5122860.51;1586.13
2506;404621.76;5122859.69;1583.08
2016;404621.76;5122858.56;1573.06
4562;404622.76;5122851.64;1569.3
4185;404624.56;5122850.05;1569.29
7379;404624.29;5122848.65;1569.28
1333;404625.57;5122846.28;1567.48
4765;404629.3;5122848.66;1566.46
576;404632.08;5122845.03;1565.42
1153;404629.3;5122842.67;1563.38
1622;404626.15;5122839.69;1552.91
5841;404618.64;5122841.19;1550.84
630;404615.38;5122837.57;1550.56
5901;404616.15;5122834.68;1549.01
1687;404617.39;5122832.15;1535.55
3395;404618.96;5122827.58;1526.11
7261;404620.74;5122825.22;1527.36
1290;404624.0;5122821.33;1524.08
7195;404626.04;5122819.23;1521.28
1000;404626.04;5122819.14;1513.5
1689;404628.31;5122818.07;1516.63
7557;404627.25;5122813.75;1516.61
4595;404628.8;5122810.35;1516.4
2035;404630.68;5122808.13;1513.64
15;404634.93;5122806.22;1511.65
3227;404633.32;5122803.48;1509.03
2943;404633.33;5122803.18;1491.5
5390;404637.27;5122798.3;1499.3
2314;404633.33;5122803.18;1492.94
4299;404633.03;5122848.0;1514.32
4976;404633.23;5122838.7;1509.43
4078;404632.88;5122835.01;1506.02
6651;404634.86;5122831.74;1505.5
1833;404634.74;5122829.72;1505.78
3335;404635.29;5122828.83;1505.15
4931;404636.08;5122825.93;1503.43
5053;404639.01;5122821.76;1503.89
4753;404640.31;5122822.27;1504.36
5061;404639.62;5122819.92;1503.02
6066;404638.32;5122817.67;1503.07
6831;404637.97;5122815.54;1501.84
5234;404639.77;5122813.16;1502.06
3424;404639.77;5122813.16;1497.11
965;404638.11;5122809.29;1502.14
5471;404638.15;5122804.32;1500.17
1400;404640.43;5122803.55;1500.13
284;404640.32;5122802.09;1501.66
288;404637.31;5122799.72;1502.19
1902;404713.3;5122912.41;1851.04
6432;404713.55;5122908.36;1845.53
7134;404711.52;5122905.62;1842.35
5643;404714.44;5122893.81;1837.51
771;404703.75;5122883.45;1828.53
5608;404717.17;5122886.92;1839.7
1225;404698.88;5122884.68;1825.52
7222;404697.88;5122883.17;1826.77
4736;404696.38;5122879.52;1824.02
3992;404695.25;5122879.26;1823.76
6747;404694.76;5122882.21;1816.5
2897;404692.64;5122885.69;1813.62
2122;404687.9;5122884.17;1811.12
6168;404686.52;5122881.9;1812.37
3567;404684.78;5122875.12;1808.37
5778;404683.16;5122868.6;1804.61
5929;404678.91;5122868.33;1803.74
7042;404676.92;5122869.32;1803.48
305;404676.92;5122869.31;1798.98
1478;404672.8;5122872.27;1801.72
2599;404668.43;5122870.38;1797.47
4984;404667.18;5122867.24;1794.58
7406;404668.18;5122860.96;1793.33
1533;404666.67;5122859.57;1792.82
2801;404668.55;5122855.29;1791.69
6807;404668.68;5122852.27;1788.93
2885;404661.18;5122847.08;1777.44
5804;404661.33;5122843.45;1748.99
2695;404657.86;5122844.94;1748.49
7010;404660.44;5122843.19;1735.99
766;404657.61;5122845.22;1745.57
30;404657.24;5122847.22;1745.57
484;404657.46;5122848.07;1740.36
4366;404657.21;5122842.82;1729.85
5462;404649.73;5122844.74;1722.17
3195;404657.44;5122842.68;1735.73
3704;404655.45;5122845.4;1734.98
2636;404651.6;5122848.38;1734.6
3985;404650.57;5122848.11;1715.6
1332;404643.06;5122853.07;1716.34
4609;404642.6;5122853.4;1705.21
2042;404640.49;5122855.13;1705.2
3487;404638.36;5122859.63;1713.95
1900;404637.98;5122853.11;1702.2
5900;404637.61;5122862.88;1713.83
6814;404634.86;5122864.51;1707.45
446;404634.62;5122856.34;1703.19
3384;404633.91;5122856.57;1691.18
6883;404730.08;5122891.55;1860.23
7439;404731.83;5122889.85;1859.09
5404;404725.65;5122885.34;1868.33
2050;404637.25;5122798.33;1495.46
7096;404637.25;5122798.33;1492.57
3713;404640.87;5122795.5;1492.17
5569;404642.32;5122794.33;1490.43
1488;404641.76;5122793.32;1489.76
4219;404642.98;5122790.58;1484.12
2475;404645.0;5122787.48;1487.69
2939;404646.69;5122784.43;1485.43
5720;404648.88;5122779.92;1485.78
530;404648.88;5122779.92;1487.13
6044;404652.68;5122778.9;1484.57
5711;404649.69;5122777.26;1486.88
5398;404647.19;5122775.24;1486.83
5015;404645.72;5122774.75;1486.17
5095;404644.41;5122772.65;1480.04
2030;404644.41;5122772.65;1455.24
2382;404639.53;5122770.28;1454.67
5103;404638.9;5122767.02;1446.44
1537;404638.9;5122767.02;1430.64
1580;404638.9;5122767.02;1409.04
7036;404633.69;5122766.93;1411.35
6254;404629.75;5122766.59;1408.26
841;404629.75;5122766.59;1396.98
5622;404626.02;5122766.39;1398.06
1965;404623.8;5122766.43;1395.0
3338;404619.86;5122763.46;1395.69
4316;404621.54;5122762.75;1394.41
1434;404621.29;5122759.16;1395.05
7365;404621.29;5122759.16;1392.85
2018;404618.15;5122759.72;1392.81
1088;404655.3;5122776.09;1484.3
6667;404657.09;5122772.08;1484.07
1326;404622.58;5122850.75;1727.28
7448;404630.56;5122846.64;1727.48
6641;404623.69;5122852.41;1727.28
1463;404623.69;5122852.41;1716.38
2465;404614.38;5122847.03;1711.8
6320;404637.09;5122836.2;1730.55
1086;404631.85;5122844.46;1728.41
5719;404635.28;5122842.5;1725.73
5374;404636.59;5122840.98;1725.75
1294;404639.55;5122835.6;1724.51
4548;404640.19;5122832.59;1723.48
5235;404642.72;5122826.61;1721.58
4000;404646.06;5122817.11;1721.69
6382;404642.78;5122798.48;1717.73
6120;404641.07;5122794.61;1712.72
4393;404639.72;5122774.74;1710.37
1940;404617.35;5122872.17;1714.55
1554;404597.26;5122897.58;1731.34
6259;404608.45;5122887.54;1729.15
5830;404578.45;5122902.27;1733.38
944;404592.73;5122902.11;1733.3
4101;404574.09;5122909.53;1734.87
3779;404570.88;5122909.25;1733.37
2271;404575.92;5122902.68;1733.62
2810;404553.87;5122917.7;1732.97
5376;404579.24;5122912.46;1734.0
7290;404582.39;5122912.45;1734.67
2189;404582.39;5122912.45;1658.47
242;404579.19;5122910.61;1655.59
2872;404576.06;5122908.42;1646.13
3663;404576.15;5122909.4;1643.83
3556;404576.15;5122909.4;1632.53
6298;404571.15;5122920.11;1635.04
2472;404570.76;5122923.76;1633.57
2658;404569.68;5122928.42;1630.21
3757;404568.63;5122901.4;1727.84
5180;404568.63;5122901.4;1713.34
2589;404540.32;5122923.17;1735.28
6664;404545.44;5122928.11;1735.81
2946;404525.42;5122928.01;1734.19
6510;404504.95;5122933.12;1730.08
5829;404498.08;5122935.35;1731.1
4017;404497.4;5122940.41;1734.54
7260;404501.65;5122934.12;1732.62
1439;404498.08;5122935.35;1718.6
7551;404501.77;5122958.36;1734.36
5104;404495.75;5122961.43;1728.68
3164;404495.75;5122961.43;1731.41
4184;404492.91;5122962.52;1731.84
3871;404492.16;5122964.81;1731.84
6980;404491.17;5122965.92;1733.97
4407;404489.89;5122967.51;1734.15
1806;404489.89;5122967.51;1730.55
4574;404483.55;5122967.51;1713.14
4208;404500.51;5122939.06;1732.54
4561;404502.99;5122942.61;1733.62
6751;404500.29;5122944.88;1733.68
188;404500.29;5122944.88;1728.68
3207;404501.71;5122951.04;1736.36
2332;404503.2;5122954.36;1737.34
339;404500.79;5122954.87;1736.68
6509;404501.82;5122958.25;1738.1
1691;404500.15;5122954.52;1733.97
1722;404504.63;5122960.87;1740.15
1555;404502.9;5122963.43;1740.53
1006;404501.08;5122963.33;1740.1
2550;404504.84;5122964.37;1743.6
6005;404501.35;5122953.2;1733.66
4813;404501.67;5122959.81;1733.97
5715;404501.67;5122959.81;1728.97
4356;404491.0;5122935.85;1716.16
6433;404485.22;5122937.95;1710.6
2326;404485.22;5122937.95;1686.1
4225;404484.98;5122938.85;1689.58
4650;404477.19;5122941.69;1686.06
3434;404490.72;5122943.35;1689.45
6412;404463.38;5122935.54;1691.87
6711;404471.76;5122941.41;1684.7
3694;404473.17;5122941.46;1678.6
6544;404473.17;5122941.46;1673.61
4135;404483.33;5122944.76;1674.17
7525;404489.73;5122938.2;1731.94
147;404479.58;5122936.6;1732.48
4547;404475.12;5122934.23;1733.74
1740;404473.42;5122939.34;1735.77
3490;404470.73;5122930.27;1729.12
3957;404467.41;5122920.07;1727.23
1298;404451.22;5122924.1;1727.52
961;404467.32;5122935.53;1739.28
2887;404548.41;5122927.31;1740.73
5005;404547.76;5122928.83;1741.27
6633;404556.19;5122935.9;1744.84
2706;404562.23;5122939.98;1747.64
6378;404564.36;5122944.98;1749.2
2561;404562.8;5122945.43;1748.68
5198;404566.88;5122944.11;1750.56
982;404565.5;5122947.32;1748.5
6436;404569.66;5122946.96;1748.07
6276;404568.17;5122949.42;1747.86
3102;404566.63;5122950.35;1747.21
1578;404568.53;5122950.86;1748.04
1760;404566.29;5122953.1;1747.65
7372;404568.85;5122953.98;1746.72
6375;404565.21;5122955.63;1748.71
4735;404573.26;5122957.06;1743.36
6365;404573.11;5122955.35;1740.9
5293;404575.27;5122953.53;1738.07
2444;404572.57;5122961.55;1737.59
4270;404592.73;5122902.11;1717.9
1566;404593.02;5122899.33;1720.17
7061;404593.02;5122899.33;1705.87
3120;404608.45;5122887.54;1717.85
1541;404608.45;5122887.54;1733.05
3658;404608.45;5122884.94;1717.85
4891;404608.45;5122884.94;1714.35
6538;404607.52;5122882.41;1714.35
1471;404607.52;5122882.41;1701.25
3097;404607.96;5122880.76;1701.25
7377;404607.96;5122880.76;1695.35
5150;404610.82;5122879.11;1695.35
4182;404612.87;5122883.27;1735.17
4890;404606.39;5122886.99;1731.56
4514;404605.64;5122891.23;1731.56
4430;404605.64;5122891.23;1746.76
6957;404607.82;5122892.02;1747.38
5318;404609.89;5122890.82;1747.59
2105;404610.72;5122891.3;1747.04
3314;404612.58;5122893.16;1748.0
3953;404613.5;5122891.85;1748.0
2408;404615.0;5122892.4;1748.0
5893;404616.21;5122891.55;1747.15
4571;404618.13;5122892.07;1745.48
4537;404620.33;5122890.53;1745.71
4921;404620.33;5122890.53;1751.41
3580;404625.0;5122886.6;1751.41
1977;404626.83;5122888.79;1751.92
1919;404628.62;5122889.62;1752.26
7285;404632.83;5122892.92;1749.77
2010;404632.83;5122892.92;1747.67
6321;404636.21;5122891.69;1747.67
1891;404636.21;5122891.69;1753.07
5;404637.72;5122889.75;1753.07
1999;404637.72;5122888.1;1753.07
1053;404637.66;5122889.1;1754.48
561;404638.69;5122890.76;1755.9
4854;404636.25;5122883.45;1755.4
7107;404636.81;5122885.68;1755.4
4170;404635.77;5122876.46;1755.4
5511;404636.25;5122883.45;1748.4
4347;404636.81;5122885.68;1762.8
5307;404635.23;5122887.21;1762.8
4734;404635.23;5122887.21;1767.6
4583;404637.43;5122889.19;1769.45
5597;404636.58;5122891.54;1770.72
696;404640.77;5122894.05;1773.66
6999;404640.24;5122895.58;1773.13
2570;404642.01;5122897.12;1772.59
2204;404643.28;5122896.7;1773.28
6628;404643.46;5122899.34;1773.09
3391;404645.22;5122899.16;1775.52
329;404646.58;5122900.43;1776.23
3381;404648.44;5122898.92;1778.04
6804;404649.26;5122899.13;1777.92
6943;404653.49;5122898.61;1776.2
5578;404653.89;5122896.38;1782.08
2824;404654.51;5122894.07;1782.08
2491;404657.73;5122895.37;1782.32
6823;404661.09;5122895.14;1781.36
543;404661.09;5122895.14;1784.76
3098;404662.54;5122896.39;1786.37
4552;404663.58;5122896.58;1788.0
1873;404665.18;5122897.97;1787.1
4682;404664.44;5122899.02;1786.33
1417;404665.8;5122900.12;1785.48
5266;404667.7;5122902.74;1786.16
4928;404667.7;5122902.74;1793.96
1559;404671.43;5122902.74;1791.81
3374;404673.35;5122905.02;1791.81
2637;404675.45;5122905.02;1791.99
4733;404678.37;5122906.39;1791.31
50;404680.72;5122906.35;1790.45
6377;404680.72;5122906.35;1793.45
2726;404683.36;5122905.83;1793.69
1303;404685.66;5122905.91;1793.69
902;404681.49;5122907.57;1793.19
6647;404685.66;5122905.91;1801.19
7190;404688.07;5122906.56;1801.19
2771;404688.07;5122906.56;1807.59
3018;404688.07;5122906.56;1809.09
3236;404691.09;5122905.09;1808.56
2719;404693.37;5122905.01;1808.76
1416;404693.37;5122905.01;1805.36
6787;404698.73;5122904.73;1808.46
3603;404700.02;5122903.2;1808.46
6618;404700.02;5122903.2;1833.26
5342;404700.82;5122904.22;1833.26
3087;404701.25;5122902.89;1833.26
2060;404705.73;5122902.81;1834.98
5012;404703.73;5122902.85;1834.98
6790;404703.73;5122902.85;1839.68
4551;404703.73;5122902.85;1843.48
3208;404698.02;5122904.38;1837.52
2333;404696.66;5122903.35;1837.52
5262;404696.78;5122902.67;1837.52
6897;404694.48;5122902.27;1836.17
3837;404695.63;5122900.28;1834.24
1692;404694.63;5122900.37;1834.24
6195;404694.67;5122898.17;1833.27
995;404692.33;5122902.24;1831.56
6739;404707.66;5122904.05;1844.35
1958;404707.9;5122905.29;1844.64
4655;404709.77;5122906.32;1845.51
2957;404709.82;5122907.79;1845.82
2069;404710.87;5122907.81;1846.4
3224;404712.01;5122908.16;1847.47
4236;404713.21;5122908.2;1847.51
3822;404714.92;5122910.31;1848.78
2638;404639.13;5122881.65;1745.0
2767;404639.13;5122881.65;1736.7
7281;404637.63;5122880.04;1736.7
5101;404636.74;5122875.83;1736.7
3510;404589.71;5122852.46;1683.97
2526;404590.43;5122855.12;1683.97
622;404592.21;5122856.23;1683.89
577;404592.21;5122856.23;1673.38
480;404667.13;5122753.92;1685.73
6597;404672.21;5122756.69;1692.22
3825;404674.97;5122746.18;1692.8
84;404677.86;5122752.73;1689.29
1693;404675.64;5122756.43;1692.9
6270;404688.28;5122757.76;1682.96
1618;404694.03;5122760.31;1687.08
1127;404697.85;5122770.33;1691.24
5265;404711.47;5122782.15;1700.59
1015;404726.9;5122792.14;1713.72
5973;404729.91;5122794.58;1717.49
1282;404729.4;5122801.59;1719.39
4758;404727.18;5122805.41;1718.93
988;404731.34;5122802.58;1721.96
2362;404727.18;5122805.41;1737.93
5457;404741.41;5122801.3;1724.51
1710;404756.23;5122795.17;1729.79
2546;404767.51;5122778.08;1729.49
2881;404764.38;5122777.92;1726.46
4319;404782.08;5122763.85;1729.63
6263;404761.21;5122771.76;1720.43
3057;404764.2;5122780.09;1717.21
7415;404764.25;5122780.01;1706.43
6930;404761.83;5122775.01;1719.58
2600;404772.7;5122785.23;1709.35
5557;404769.78;5122793.7;1705.54
3544;404764.53;5122793.1;1704.64
1249;404774.85;5122781.02;1708.17
5047;404776.42;5122784.12;1708.82
2914;404767.7;5122797.3;1706.2
4334;404771.2;5122796.75;1703.98
1702;404771.2;5122796.75;1702.37
5220;404772.14;5122795.18;1701.04
2792;404773.65;5122795.08;1699.58
3345;404774.62;5122794.29;1699.45
5420;404772.78;5122791.77;1699.56
7417;404769.81;5122790.51;1700.07
2763;404771.13;5122788.98;1697.4
3519;404772.13;5122789.53;1692.07
6774;404770.35;5122788.71;1691.93
4432;404774.22;5122787.6;1689.11
1860;404775.03;5122784.94;1688.97
3689;404783.67;5122780.16;1688.62
481;404786.53;5122780.87;1688.67
4166;404791.6;5122778.62;1688.48
3013;404793.57;5122780.22;1689.02
936;404795.35;5122779.46;1689.33
7108;404798.89;5122780.54;1687.98
3539;404801.59;5122779.16;1686.16
4340;404803.79;5122774.65;1682.77
5203;404803.97;5122776.7;1680.85
1786;404801.72;5122778.73;1680.85
1680;404800.44;5122778.91;1679.6
6019;404798.57;5122779.59;1678.91
1973;404795.2;5122778.02;1677.71
1173;404794.02;5122780.07;1677.83
1456;404791.39;5122777.34;1675.46
5558;404785.6;5122777.64;1672.38
2747;404780.45;5122761.8;1665.65
2220;404777.92;5122754.44;1658.38
4692;404773.45;5122748.72;1652.07
4239;404799.37;5122781.44;1687.9
1296;404799.37;5122781.44;1693.01
1535;404803.65;5122783.09;1692.2
903;404809.7;5122777.45;1687.04
4616;404813.91;5122774.04;1689.68
3979;404817.22;5122772.96;1691.16
63;404817.53;5122774.54;1691.71
336;404817.53;5122774.54;1690.47
1277;404823.54;5122774.64;1693.28
513;404822.42;5122774.49;1694.38
4717;404826.14;5122774.29;1694.05
2414;404826.14;5122774.29;1698.35
5915;404820.48;5122775.49;1704.34
6619;404817.99;5122783.67;1706.0
828;404813.5;5122788.17;1703.43
1675;404813.63;5122795.71;1701.96
592;404812.28;5122804.21;1698.31
5952;404812.28;5122804.21;1706.31
5310;404776.74;5122776.32;1706.07
6564;404777.08;5122772.42;1700.96
5831;404779.3;5122763.86;1698.84
5378;404779.3;5122763.86;1678.35
3769;404776.57;5122758.26;1678.19
6250;404775.72;5122754.88;1665.13
5749;404773.49;5122757.54;1653.02
7329;404774.3;5122749.77;1650.78
7449;404774.17;5122746.74;1647.52
2804;404775.62;5122746.8;1647.85
2924;404773.74;5122744.56;1647.07
4900;404773.74;5122744.56;1592.17
2457;404774.27;5122734.54;1601.2
862;404768.79;5122736.32;1594.56
638;404766.81;5122726.26;1613.57
3988;404778.4;5122723.15;1613.57
1460;404763.65;5122718.04;1617.69
5898;404762.46;5122717.4;1614.92
4751;404759.4;5122715.85;1610.37
6921;404759.19;5122711.88;1609.23
1022;404758.29;5122709.41;1610.75
581;404755.39;5122706.18;1610.52
3535;404756.22;5122704.68;1608.75
7387;404754.3;5122704.24;1607.16
797;404754.3;5122704.24;1605.9
4258;404753.55;5122704.66;1606.23
6753;404750.07;5122699.09;1608.36
489;404748.51;5122701.51;1599.86
4417;404748.09;5122701.87;1598.38
6559;404746.49;5122692.64;1603.57
5119;404743.95;5122691.4;1601.73
2748;404746.95;5122698.57;1594.92
6738;404744.97;5122692.09;1590.52
3025;404743.79;5122703.53;1594.37
5317;404743.79;5122703.53;1584.09
3336;404749.1;5122706.85;1582.17
2898;404747.81;5122706.78;1580.58
136;404747.81;5122706.78;1558.74
6836;404747.81;5122706.78;1542.31
5658;404741.4;5122701.0;1543.37
6030;404742.66;5122697.52;1540.68
6440;404743.05;5122696.46;1535.37
4952;404743.05;5122696.46;1509.74
4705;404743.05;5122696.46;1495.61
6043;404740.8;5122692.73;1497.74
7545;404739.52;5122690.22;1496.24
7209;404739.52;5122690.22;1490.46
7536;404735.41;5122686.39;1489.67
1728;404735.57;5122683.41;1489.41
4379;404733.6;5122683.37;1487.87
35;404732.04;5122680.66;1486.06
340;404728.79;5122676.51;1476.16
7492;404726.72;5122674.65;1471.33
6205;404725.75;5122673.25;1459.2
3598;404721.65;5122671.76;1428.16
6237;404726.46;5122657.78;1440.57
5391;404770.06;5122733.17;1591.61
493;404769.02;5122732.38;1591.34
4004;404768.05;5122718.5;1588.12
1252;404768.41;5122715.07;1587.57
5894;404770.32;5122710.35;1585.31
375;404770.32;5122710.35;1572.24
1820;404775.21;5122700.31;1573.21
1943;404773.44;5122695.44;1573.58
2959;404772.82;5122693.53;1571.83
7187;404772.82;5122693.53;1554.21
483;404772.82;5122693.53;1545.76
4608;404774.92;5122692.72;1545.76
1901;404774.92;5122692.72;1526.41
920;404774.92;5122692.72;1497.81
4746;404779.11;5122691.11;1526.41
6352;404797.81;5122683.94;1508.37
755;404793.54;5122692.49;1502.29
3099;404786.54;5122677.72;1514.62
974;404796.49;5122707.39;1494.16
6232;404810.16;5122718.33;1489.67
3727;404798.87;5122723.35;1482.54
7410;404810.72;5122710.06;1496.45
2623;404821.13;5122688.42;1508.02
7418;404821.93;5122683.33;1508.81
4169;404821.91;5122669.81;1510.57
5451;404831.53;5122644.47;1519.53
6891;404818.71;5122630.59;1529.32
5883;404791.04;5122640.71;1538.05
1414;404783.05;5122647.68;1536.02
5871;404771.85;5122639.24;1550.04
3683;404785.11;5122664.22;1523.23
6073;404775.46;5122635.54;1549.84
3365;404777.0;5122625.81;1555.3
6391;404765.45;5122609.9;1566.21
5270;404763.36;5122609.14;1567.25
5247;404775.4;5122607.23;1576.44
1718;404773.49;5122692.47;1497.81
3966;404775.74;5122688.03;1497.89
2187;404764.55;5122699.59;1496.05
4276;404771.84;5122682.2;1496.48
2523;404769.09;5122679.35;1494.05
703;404759.8;5122664.78;1486.67
5679;404759.96;5122674.81;1490.82
499;404756.53;5122679.51;1497.01
1096;404763.2;5122693.98;1497.48
5433;404776.58;5122783.83;1733.04
6496;404777.64;5122780.93;1733.06
3765;404779.07;5122764.64;1727.1
4947;404768.95;5122799.56;1737.43
2109;404784.62;5122768.34;1729.2
3299;404779.07;5122764.64;1706.9
7501;404783.67;5122761.77;1703.51
610;404783.67;5122761.77;1677.11
1055;404779.0;5122757.85;1677.33
417;404761.16;5122813.61;1742.96
4686;404763.43;5122824.28;1743.15
5062;404767.2;5122831.36;1752.07
2917;404762.64;5122828.76;1746.34
6310;404756.75;5122839.84;1748.78
2525;404758.83;5122843.44;1750.05
1481;404767.06;5122835.49;1753.33
7278;404761.55;5122851.33;1758.11
3276;404778.72;5122824.62;1750.23
5780;404780.97;5122818.77;1750.23
5109;404774.43;5122822.4;1748.64
2051;404787.83;5122814.96;1748.85
7292;404780.17;5122813.7;1753.83
5993;404764.18;5122854.35;1760.24
7512;404764.18;5122854.35;1765.14
5238;404786.88;5122767.14;1728.36
3210;404793.06;5122765.13;1729.51
2199;404797.73;5122760.62;1729.06
2624;404798.37;5122754.56;1722.04
2038;404799.98;5122755.38;1719.64
3949;404799.98;5122755.38;1709.64
5845;404807.02;5122749.47;1720.12
2836;404808.23;5122748.71;1722.41
4934;404811.21;5122748.03;1723.65
6343;404813.24;5122746.26;1723.51
5430;404815.49;5122744.8;1724.33
6828;404817.96;5122744.45;1725.34
5565;404819.48;5122744.75;1725.31
3390;404821.55;5122752.46;1725.59
4098;404819.95;5122751.39;1726.49
6231;404819.95;5122751.39;1712.26
6001;404824.59;5122746.75;1716.84
5407;404818.37;5122748.28;1712.56
7396;404816.5;5122745.95;1710.47
3774;404812.12;5122746.73;1704.11
698;404808.14;5122744.43;1700.25
3274;404812.12;5122746.73;1689.64
4290;404811.38;5122744.71;1689.15
3729;404811.38;5122744.71;1685.48
5838;404810.54;5122741.95;1685.22
504;404784.9;5122768.37;1729.35
3739;404761.82;5122775.0;1727.74
2542;404762.21;5122774.57;1727.96
6096;404760.0;5122769.14;1732.86
1318;404765.51;5122765.11;1737.14
642;404759.91;5122765.01;1736.94
3266;404758.79;5122764.87;1737.26
7232;404762.98;5122771.3;1755.78
6396;404756.82;5122760.75;1735.03
1668;404756.82;5122760.75;1725.22
6646;404752.49;5122756.58;1726.17
4139;404750.89;5122754.53;1725.12
5601;404753.16;5122750.58;1715.35
1033;404752.2;5122745.11;1710.85
7481;404744.49;5122742.75;1715.51
5505;404743.01;5122742.06;1715.62
2788;404742.09;5122741.37;1716.11
4913;404746.3;5122739.22;1716.61
1449;404748.72;5122740.52;1721.01
5181;404752.51;5122739.78;1722.12
5097;404755.77;5122741.44;1723.98
6088;404757.21;5122741.19;1725.3
2424;404758.79;5122740.52;1724.94
6026;404759.71;5122740.29;1724.32
414;404760.81;5122740.9;1723.19
5572;404763.99;5122738.6;1723.74
2780;404762.95;5122735.4;1728.03
6772;404761.43;5122733.71;1726.32
6542;404760.55;5122733.41;1726.01
6294;404762.29;5122729.99;1726.62
5686;404760.07;5122729.35;1725.78
5945;404762.65;5122726.48;1725.71
4949;404760.57;5122721.34;1724.83
4936;404760.62;5122718.15;1722.52
6825;404760.62;5122718.15;1718.67
4471;404757.93;5122716.95;1716.96
1885;404757.93;5122716.95;1712.36
1363;404755.76;5122716.98;1711.94
1308;404755.76;5122716.98;1708.28
1415;404754.18;5122715.46;1707.21
2347;404754.18;5122715.46;1702.54
7419;404752.66;5122714.62;1701.8
2787;404758.79;5122764.87;1733.26
3936;404760.74;5122776.28;1763.92
5504;404761.62;5122775.54;1762.91
1468;404760.87;5122777.55;1766.34
3362;404758.86;5122780.62;1770.87
6799;404758.72;5122776.45;1772.56
4804;404752.97;5122777.34;1770.1
5688;404753.09;5122777.01;1769.91
4303;404752.97;5122777.34;1766.1
6313;404752.81;5122779.07;1770.74
5539;404753.09;5122777.01;1768.95
2349;404750.58;5122776.43;1764.29
3450;404750.58;5122776.43;1763.24
603;404748.61;5122777.0;1762.62
6182;404747.28;5122774.59;1761.61
5128;404744.95;5122774.34;1760.9
2755;404742.98;5122773.92;1760.47
405;404750.73;5122780.94;1771.26
2608;404747.03;5122781.65;1772.94
4081;404745.16;5122785.64;1772.94
4174;404745.15;5122785.63;1780.66
6060;404739.59;5122786.79;1782.95
6353;404739.36;5122788.37;1783.01
5725;404738.36;5122789.01;1783.42
4152;404737.52;5122792.36;1786.76
4962;404731.44;5122792.02;1786.45
1962;404729.93;5122796.35;1787.35
5102;404730.75;5122797.98;1794.26
2011;404730.75;5122797.97;1798.73
7325;404731.46;5122800.25;1794.67
3679;404727.72;5122799.44;1800.16
1669;404730.76;5122799.5;1794.29
2713;404728.62;5122803.66;1793.8
3310;404730.01;5122806.6;1795.06
2613;404727.11;5122806.54;1794.57
7253;404728.52;5122805.99;1795.86
2454;404726.07;5122808.56;1794.74
1260;404726.79;5122811.13;1793.96
4521;404729.59;5122805.88;1798.45
2029;404725.6;5122809.2;1800.34
1521;404731.2;5122789.16;1798.46
745;404731.17;5122789.14;1814.68
3854;404731.85;5122788.26;1814.48
2137;404731.84;5122788.24;1824.19
1883;404736.74;5122792.21;1828.01
3833;404736.73;5122792.2;1836.42
4433;404737.34;5122791.33;1836.89
3289;404739.61;5122791.56;1839.83
2127;404738.37;5122791.1;1843.08
5670;404737.44;5122791.96;1843.17
270;404737.43;5122791.95;1850.07
1743;404736.2;5122788.75;1847.77
6222;404728.82;5122793.67;1848.55
7474;404728.12;5122791.09;1849.17
3620;404728.12;5122791.09;1850.27
2564;404726.82;5122791.34;1849.99
5549;404726.82;5122791.33;1851.71
6154;404724.7;5122787.95;1854.4
1852;404679.19;5122751.81;1689.29
167;404688.43;5122749.33;1659.81
1255;404692.69;5122750.88;1631.17
3077;404696.33;5122759.87;1626.65
2089;404698.35;5122736.13;1618.39
4016;404696.33;5122759.87;1654.34
570;404697.45;5122761.82;1657.95
4267;404704.88;5122774.17;1675.14
798;404706.04;5122773.02;1675.48
3733;404689.03;5122737.78;1617.64
1824;404685.97;5122736.45;1614.79
659;404687.53;5122738.53;1613.4
2258;404688.97;5122738.38;1611.56
5690;404689.39;5122735.16;1610.63
6723;404689.39;5122735.16;1606.42
5564;404691.88;5122734.98;1606.59
5135;404692.9;5122734.93;1605.93
5323;404692.9;5122734.93;1600.91
2316;404685.95;5122733.07;1598.15
3701;404690.59;5122737.71;1595.22
845;404690.94;5122741.65;1590.5
6249;404694.5;5122740.36;1587.32
2902;404692.94;5122737.02;1582.93
4263;404694.49;5122732.78;1577.55
2769;404692.95;5122730.12;1570.96
5922;404694.81;5122728.06;1564.72
863;404697.27;5122724.12;1559.37
1898;404693.88;5122721.83;1552.82
4089;404693.3;5122720.24;1551.35
4557;404694.34;5122718.19;1549.12
53;404689.58;5122717.27;1546.97
5144;404688.63;5122715.39;1545.26
6040;404691.07;5122713.27;1542.91
1978;404693.5;5122709.79;1542.01
3628;404681.84;5122727.52;1687.88
2954;404689.69;5122726.24;1680.09
5963;404700.65;5122727.93;1680.02
6525;404686.03;5122729.41;1679.88
7155;404682.57;5122721.34;1683.32
6373;404701.8;5122730.38;1679.73
5134;404682.52;5122721.6;1694.1
4777;404680.61;5122725.22;1708.12
4418;404677.33;5122715.38;1711.18
7480;404679.45;5122717.0;1700.91
6587;404676.58;5122726.4;1713.34
7279;404678.45;5122711.56;1721.59
839;404679.45;5122717.0;1676.51
1756;404700.35;5122726.98;1677.03
3777;404700.29;5122733.61;1678.58
4088;404700.35;5122726.98;1673.98
6827;404509.34;5122741.58;1700.45
1283;404504.67;5122740.05;1691.18
5145;404503.72;5122740.71;1680.24
137;404501.75;5122741.06;1657.33
2966;404499.76;5122738.22;1655.33
2284;404494.11;5122734.82;1630.69
1627;404497.9;5122728.98;1629.96
4818;404495.57;5122728.98;1625.77
3428;404495.57;5122728.98;1601.97
4442;404496.94;5122724.52;1600.17
2158;404491.37;5122720.63;1593.38
811;404429.01;5122796.88;1697.05
2893;404427.4;5122788.56;1702.35
448;404423.06;5122785.75;1701.16
2002;404416.42;5122788.98;1692.35
253;404416.49;5122792.84;1687.75
230;404416.49;5122792.84;1674.75
3516;404415.13;5122802.72;1701.92
4986;404415.39;5122810.12;1701.92
1182;404409.18;5122815.33;1707.59
333;404404.58;5122820.82;1714.28
